applicant_id,model,method,rank,feature_index,feature_name,attribution_value,abs_attribution,feature_value
0,LogisticRegression,LIME,1,17,purpose_A41,-0.168774033428166,0.168774033428166,0.0
0,LogisticRegression,LIME,2,23,purpose_A46,0.13947586612432514,0.13947586612432514,0.0
0,LogisticRegression,LIME,3,7,status_checking_account_A11,-0.1350862202786035,0.1350862202786035,1.0
0,LogisticRegression,LIME,4,10,status_checking_account_A14,-0.12696291380190583,0.12696291380190583,0.0
0,LogisticRegression,LIME,5,15,credit_history_A34,-0.12354793127355906,0.12354793127355906,0.0
1,LogisticRegression,LIME,1,17,purpose_A41,-0.17456000851953274,0.17456000851953274,0.0
1,LogisticRegression,LIME,2,7,status_checking_account_A11,-0.13265417041194197,0.13265417041194197,1.0
1,LogisticRegression,LIME,3,23,purpose_A46,0.13107080370465454,0.13107080370465454,0.0
1,LogisticRegression,LIME,4,15,credit_history_A34,0.13082782388755013,0.13082782388755013,1.0
1,LogisticRegression,LIME,5,1,credit_amount,-0.12750995689095204,0.12750995689095204,0.7456076869960395
2,LogisticRegression,LIME,1,17,purpose_A41,-0.16975010256191414,0.16975010256191414,0.0
2,LogisticRegression,LIME,2,23,purpose_A46,0.139081713415091,0.139081713415091,0.0
2,LogisticRegression,LIME,3,7,status_checking_account_A11,0.13438286533607602,0.13438286533607602,0.0
2,LogisticRegression,LIME,4,1,credit_amount,-0.12741114554322105,0.12741114554322105,0.6919014886379068
2,LogisticRegression,LIME,5,10,status_checking_account_A14,-0.12727610472470063,0.12727610472470063,0.0
3,LogisticRegression,LIME,1,17,purpose_A41,-0.16957263572959683,0.16957263572959683,0.0
3,LogisticRegression,LIME,2,23,purpose_A46,-0.1322329067156494,0.1322329067156494,1.0
3,LogisticRegression,LIME,3,7,status_checking_account_A11,0.12872693710396374,0.12872693710396374,0.0
3,LogisticRegression,LIME,4,15,credit_history_A34,-0.12640837985768114,0.12640837985768114,0.0
3,LogisticRegression,LIME,5,10,status_checking_account_A14,-0.1232906331732161,0.1232906331732161,0.0
4,LogisticRegression,LIME,1,17,purpose_A41,-0.1730659518161346,0.1730659518161346,0.0
4,LogisticRegression,LIME,2,23,purpose_A46,0.13292628250385286,0.13292628250385286,0.0
4,LogisticRegression,LIME,3,10,status_checking_account_A14,0.12799040789658603,0.12799040789658603,1.0
4,LogisticRegression,LIME,4,7,status_checking_account_A11,0.12517023440842742,0.12517023440842742,0.0
4,LogisticRegression,LIME,5,15,credit_history_A34,-0.12344093173444731,0.12344093173444731,0.0
5,LogisticRegression,LIME,1,17,purpose_A41,-0.16881576800436426,0.16881576800436426,0.0
5,LogisticRegression,LIME,2,23,purpose_A46,0.14433873701807087,0.14433873701807087,0.0
5,LogisticRegression,LIME,3,15,credit_history_A34,-0.12433729620710131,0.12433729620710131,0.0
5,LogisticRegression,LIME,4,7,status_checking_account_A11,0.1214788332942179,0.1214788332942179,0.0
5,LogisticRegression,LIME,5,10,status_checking_account_A14,-0.12121817303812606,0.12121817303812606,0.0
6,LogisticRegression,LIME,1,17,purpose_A41,-0.17046367649528196,0.17046367649528196,0.0
6,LogisticRegression,LIME,2,23,purpose_A46,0.15188479278770714,0.15188479278770714,0.0
6,LogisticRegression,LIME,3,15,credit_history_A34,0.13099122608361868,0.13099122608361868,1.0
6,LogisticRegression,LIME,4,7,status_checking_account_A11,0.13074330036464515,0.13074330036464515,0.0
6,LogisticRegression,LIME,5,10,status_checking_account_A14,-0.12300052708005448,0.12300052708005448,0.0
7,LogisticRegression,LIME,1,17,purpose_A41,-0.17309613419165926,0.17309613419165926,0.0
7,LogisticRegression,LIME,2,23,purpose_A46,0.14713825476544984,0.14713825476544984,0.0
7,LogisticRegression,LIME,3,15,credit_history_A34,-0.13348968164192032,0.13348968164192032,0.0
7,LogisticRegression,LIME,4,7,status_checking_account_A11,-0.1331383550885312,0.1331383550885312,1.0
7,LogisticRegression,LIME,5,10,status_checking_account_A14,-0.1273306354143433,0.1273306354143433,0.0
8,LogisticRegression,LIME,1,17,purpose_A41,-0.17165722688678542,0.17165722688678542,0.0
8,LogisticRegression,LIME,2,23,purpose_A46,0.14435940391091423,0.14435940391091423,0.0
8,LogisticRegression,LIME,3,1,credit_amount,-0.1352267260831747,0.1352267260831747,0.564080736545551
8,LogisticRegression,LIME,4,7,status_checking_account_A11,0.13083449602416825,0.13083449602416825,0.0
8,LogisticRegression,LIME,5,15,credit_history_A34,-0.1268861037446893,0.1268861037446893,0.0
9,LogisticRegression,LIME,1,17,purpose_A41,-0.16519515631624704,0.16519515631624704,0.0
9,LogisticRegression,LIME,2,23,purpose_A46,0.13188639202032787,0.13188639202032787,0.0
9,LogisticRegression,LIME,3,7,status_checking_account_A11,0.1313566711191461,0.1313566711191461,0.0
9,LogisticRegression,LIME,4,15,credit_history_A34,-0.12447008172685552,0.12447008172685552,0.0
9,LogisticRegression,LIME,5,10,status_checking_account_A14,-0.12257385478425559,0.12257385478425559,0.0
10,LogisticRegression,LIME,1,17,purpose_A41,-0.16723679339313174,0.16723679339313174,0.0
10,LogisticRegression,LIME,2,23,purpose_A46,0.16218514691919517,0.16218514691919517,0.0
10,LogisticRegression,LIME,3,7,status_checking_account_A11,0.1363954765150751,0.1363954765150751,0.0
10,LogisticRegression,LIME,4,15,credit_history_A34,-0.12347042688212698,0.12347042688212698,0.0
10,LogisticRegression,LIME,5,10,status_checking_account_A14,0.12248954415766557,0.12248954415766557,1.0
11,LogisticRegression,LIME,1,17,purpose_A41,-0.17151401473215772,0.17151401473215772,0.0
11,LogisticRegression,LIME,2,23,purpose_A46,0.15945483542261765,0.15945483542261765,0.0
11,LogisticRegression,LIME,3,7,status_checking_account_A11,-0.13094540000999066,0.13094540000999066,1.0
11,LogisticRegression,LIME,4,15,credit_history_A34,-0.12548736126427265,0.12548736126427265,0.0
11,LogisticRegression,LIME,5,10,status_checking_account_A14,-0.12411528146417386,0.12411528146417386,0.0
12,LogisticRegression,LIME,1,17,purpose_A41,-0.18259944969487749,0.18259944969487749,0.0
12,LogisticRegression,LIME,2,23,purpose_A46,0.15132231994862064,0.15132231994862064,0.0
12,LogisticRegression,LIME,3,15,credit_history_A34,-0.12967089707495852,0.12967089707495852,0.0
12,LogisticRegression,LIME,4,7,status_checking_account_A11,0.12510217542878524,0.12510217542878524,0.0
12,LogisticRegression,LIME,5,10,status_checking_account_A14,0.12458690564540913,0.12458690564540913,1.0
13,LogisticRegression,LIME,1,17,purpose_A41,-0.16751969961455507,0.16751969961455507,0.0
13,LogisticRegression,LIME,2,23,purpose_A46,0.14445053821520837,0.14445053821520837,0.0
13,LogisticRegression,LIME,3,15,credit_history_A34,0.13108726663045397,0.13108726663045397,1.0
13,LogisticRegression,LIME,4,7,status_checking_account_A11,0.12742760850018434,0.12742760850018434,0.0
13,LogisticRegression,LIME,5,10,status_checking_account_A14,0.1185963051845668,0.1185963051845668,1.0
14,LogisticRegression,LIME,1,17,purpose_A41,-0.16121665298049767,0.16121665298049767,0.0
14,LogisticRegression,LIME,2,23,purpose_A46,0.12946966585201633,0.12946966585201633,0.0
14,LogisticRegression,LIME,3,15,credit_history_A34,0.12578857538279017,0.12578857538279017,1.0
14,LogisticRegression,LIME,4,7,status_checking_account_A11,0.12501521459694698,0.12501521459694698,0.0
14,LogisticRegression,LIME,5,10,status_checking_account_A14,-0.12102677714845803,0.12102677714845803,0.0
15,LogisticRegression,LIME,1,17,purpose_A41,-0.17164136752816472,0.17164136752816472,0.0
15,LogisticRegression,LIME,2,23,purpose_A46,0.14651540318851816,0.14651540318851816,0.0
15,LogisticRegression,LIME,3,7,status_checking_account_A11,-0.13422796118569746,0.13422796118569746,1.0
15,LogisticRegression,LIME,4,15,credit_history_A34,-0.12913652738865525,0.12913652738865525,0.0
15,LogisticRegression,LIME,5,10,status_checking_account_A14,-0.12692058712909507,0.12692058712909507,0.0
16,LogisticRegression,LIME,1,17,purpose_A41,-0.16455847756028044,0.16455847756028044,0.0
16,LogisticRegression,LIME,2,23,purpose_A46,-0.15370269732376907,0.15370269732376907,1.0
16,LogisticRegression,LIME,3,10,status_checking_account_A14,0.1256967662165182,0.1256967662165182,1.0
16,LogisticRegression,LIME,4,15,credit_history_A34,0.1229039481150872,0.1229039481150872,1.0
16,LogisticRegression,LIME,5,7,status_checking_account_A11,0.12254330183377801,0.12254330183377801,0.0
17,LogisticRegression,LIME,1,17,purpose_A41,-0.16651686180368452,0.16651686180368452,0.0
17,LogisticRegression,LIME,2,23,purpose_A46,0.14419910140257286,0.14419910140257286,0.0
17,LogisticRegression,LIME,3,7,status_checking_account_A11,0.13000463288236308,0.13000463288236308,0.0
17,LogisticRegression,LIME,4,15,credit_history_A34,-0.127344926743797,0.127344926743797,0.0
17,LogisticRegression,LIME,5,10,status_checking_account_A14,0.12142779483179504,0.12142779483179504,1.0
18,LogisticRegression,LIME,1,17,purpose_A41,-0.1714247508254679,0.1714247508254679,0.0
18,LogisticRegression,LIME,2,23,purpose_A46,0.14212700484457716,0.14212700484457716,0.0
18,LogisticRegression,LIME,3,7,status_checking_account_A11,0.13169708056521914,0.13169708056521914,0.0
18,LogisticRegression,LIME,4,10,status_checking_account_A14,0.1263075989295721,0.1263075989295721,1.0
18,LogisticRegression,LIME,5,15,credit_history_A34,-0.12162503306099211,0.12162503306099211,0.0
19,LogisticRegression,LIME,1,17,purpose_A41,-0.16698338467987792,0.16698338467987792,0.0
19,LogisticRegression,LIME,2,23,purpose_A46,0.15382349999418457,0.15382349999418457,0.0
19,LogisticRegression,LIME,3,15,credit_history_A34,-0.13005223273212765,0.13005223273212765,0.0
19,LogisticRegression,LIME,4,10,status_checking_account_A14,0.12688823666314744,0.12688823666314744,1.0
19,LogisticRegression,LIME,5,7,status_checking_account_A11,0.12158690811777165,0.12158690811777165,0.0
20,LogisticRegression,LIME,1,17,purpose_A41,-0.16412308628497024,0.16412308628497024,0.0
20,LogisticRegression,LIME,2,23,purpose_A46,0.14387407976599756,0.14387407976599756,0.0
20,LogisticRegression,LIME,3,7,status_checking_account_A11,-0.13141267611305332,0.13141267611305332,1.0
20,LogisticRegression,LIME,4,10,status_checking_account_A14,-0.1253854633192392,0.1253854633192392,0.0
20,LogisticRegression,LIME,5,15,credit_history_A34,0.12425998253788346,0.12425998253788346,1.0
21,LogisticRegression,LIME,1,17,purpose_A41,0.17037215296457683,0.17037215296457683,1.0
21,LogisticRegression,LIME,2,23,purpose_A46,0.13876692238739513,0.13876692238739513,0.0
21,LogisticRegression,LIME,3,7,status_checking_account_A11,-0.12925517288854446,0.12925517288854446,1.0
21,LogisticRegression,LIME,4,15,credit_history_A34,-0.12723742917470196,0.12723742917470196,0.0
21,LogisticRegression,LIME,5,10,status_checking_account_A14,-0.12265202833689912,0.12265202833689912,0.0
22,LogisticRegression,LIME,1,17,purpose_A41,-0.1663113136786568,0.1663113136786568,0.0
22,LogisticRegression,LIME,2,23,purpose_A46,0.13544750704567762,0.13544750704567762,0.0
22,LogisticRegression,LIME,3,7,status_checking_account_A11,0.13103851854960002,0.13103851854960002,0.0
22,LogisticRegression,LIME,4,15,credit_history_A34,-0.1249734168568575,0.1249734168568575,0.0
22,LogisticRegression,LIME,5,10,status_checking_account_A14,-0.12285729299753191,0.12285729299753191,0.0
23,LogisticRegression,LIME,1,17,purpose_A41,-0.1679501224711026,0.1679501224711026,0.0
23,LogisticRegression,LIME,2,23,purpose_A46,0.1401153926636903,0.1401153926636903,0.0
23,LogisticRegression,LIME,3,10,status_checking_account_A14,0.12376080105129557,0.12376080105129557,1.0
23,LogisticRegression,LIME,4,7,status_checking_account_A11,0.12333414190701272,0.12333414190701272,0.0
23,LogisticRegression,LIME,5,15,credit_history_A34,-0.12300158748056515,0.12300158748056515,0.0
24,LogisticRegression,LIME,1,17,purpose_A41,-0.1732719471869648,0.1732719471869648,0.0
24,LogisticRegression,LIME,2,23,purpose_A46,0.13527913696920146,0.13527913696920146,0.0
24,LogisticRegression,LIME,3,7,status_checking_account_A11,0.12914357832058862,0.12914357832058862,0.0
24,LogisticRegression,LIME,4,15,credit_history_A34,-0.12578245815697078,0.12578245815697078,0.0
24,LogisticRegression,LIME,5,10,status_checking_account_A14,-0.12506745088528043,0.12506745088528043,0.0
25,LogisticRegression,LIME,1,17,purpose_A41,-0.1763385481139119,0.1763385481139119,0.0
25,LogisticRegression,LIME,2,1,credit_amount,-0.1355269208053923,0.1355269208053923,1.5082357036815233
25,LogisticRegression,LIME,3,23,purpose_A46,0.13429707442496638,0.13429707442496638,0.0
25,LogisticRegression,LIME,4,7,status_checking_account_A11,0.12950292043954031,0.12950292043954031,0.0
25,LogisticRegression,LIME,5,10,status_checking_account_A14,-0.12923147164061616,0.12923147164061616,0.0
26,LogisticRegression,LIME,1,17,purpose_A41,-0.16535888351906775,0.16535888351906775,0.0
26,LogisticRegression,LIME,2,23,purpose_A46,0.1329976788749614,0.1329976788749614,0.0
26,LogisticRegression,LIME,3,7,status_checking_account_A11,0.1324554694734408,0.1324554694734408,0.0
26,LogisticRegression,LIME,4,1,credit_amount,-0.12983603742024055,0.12983603742024055,0.6911854059931317
26,LogisticRegression,LIME,5,10,status_checking_account_A14,0.12619983704322923,0.12619983704322923,1.0
27,LogisticRegression,LIME,1,17,purpose_A41,-0.16997178892289902,0.16997178892289902,0.0
27,LogisticRegression,LIME,2,23,purpose_A46,0.13831443556182776,0.13831443556182776,0.0
27,LogisticRegression,LIME,3,7,status_checking_account_A11,0.1279801818038372,0.1279801818038372,0.0
27,LogisticRegression,LIME,4,15,credit_history_A34,-0.1269602077270846,0.1269602077270846,0.0
27,LogisticRegression,LIME,5,1,credit_amount,-0.12476810835123392,0.12476810835123392,0.773892951464656
28,LogisticRegression,LIME,1,17,purpose_A41,0.16654118580493854,0.16654118580493854,1.0
28,LogisticRegression,LIME,2,23,purpose_A46,0.14507005077048996,0.14507005077048996,0.0
28,LogisticRegression,LIME,3,1,credit_amount,-0.12926219653132212,0.12926219653132212,2.996971522168961
28,LogisticRegression,LIME,4,15,credit_history_A34,0.12756092525056223,0.12756092525056223,1.0
28,LogisticRegression,LIME,5,10,status_checking_account_A14,0.12582630638968922,0.12582630638968922,1.0
29,LogisticRegression,LIME,1,17,purpose_A41,-0.1744979321204636,0.1744979321204636,0.0
29,LogisticRegression,LIME,2,23,purpose_A46,0.15347675985102585,0.15347675985102585,0.0
29,LogisticRegression,LIME,3,7,status_checking_account_A11,-0.1370124791262662,0.1370124791262662,1.0
29,LogisticRegression,LIME,4,15,credit_history_A34,-0.12570876972828327,0.12570876972828327,0.0
29,LogisticRegression,LIME,5,10,status_checking_account_A14,-0.1243630881032323,0.1243630881032323,0.0
30,LogisticRegression,LIME,1,17,purpose_A41,-0.17563878430806845,0.17563878430806845,0.0
30,LogisticRegression,LIME,2,23,purpose_A46,0.1441880676511352,0.1441880676511352,0.0
30,LogisticRegression,LIME,3,7,status_checking_account_A11,0.13378413835140474,0.13378413835140474,0.0
30,LogisticRegression,LIME,4,10,status_checking_account_A14,-0.12757330072385092,0.12757330072385092,0.0
30,LogisticRegression,LIME,5,15,credit_history_A34,-0.12697567218781722,0.12697567218781722,0.0
31,LogisticRegression,LIME,1,17,purpose_A41,-0.16811831322755777,0.16811831322755777,0.0
31,LogisticRegression,LIME,2,15,credit_history_A34,-0.13177320571937257,0.13177320571937257,0.0
31,LogisticRegression,LIME,3,23,purpose_A46,-0.1302740259261944,0.1302740259261944,1.0
31,LogisticRegression,LIME,4,7,status_checking_account_A11,0.12735998644965746,0.12735998644965746,0.0
31,LogisticRegression,LIME,5,10,status_checking_account_A14,-0.11979489587700527,0.11979489587700527,0.0
32,LogisticRegression,LIME,1,17,purpose_A41,-0.16192872537710862,0.16192872537710862,0.0
32,LogisticRegression,LIME,2,23,purpose_A46,0.14603874400569036,0.14603874400569036,0.0
32,LogisticRegression,LIME,3,7,status_checking_account_A11,0.13315999543132617,0.13315999543132617,0.0
32,LogisticRegression,LIME,4,15,credit_history_A34,-0.12684734368470993,0.12684734368470993,0.0
32,LogisticRegression,LIME,5,42,other_debtors_guarantors_A103,-0.12433078460777856,0.12433078460777856,0.0
33,LogisticRegression,LIME,1,17,purpose_A41,-0.1648973719926195,0.1648973719926195,0.0
33,LogisticRegression,LIME,2,23,purpose_A46,0.13627706615832746,0.13627706615832746,0.0
33,LogisticRegression,LIME,3,15,credit_history_A34,-0.12759809828164065,0.12759809828164065,0.0
33,LogisticRegression,LIME,4,10,status_checking_account_A14,0.12419157228811169,0.12419157228811169,1.0
33,LogisticRegression,LIME,5,7,status_checking_account_A11,0.12230086679751921,0.12230086679751921,0.0
34,LogisticRegression,LIME,1,17,purpose_A41,-0.16575118451573426,0.16575118451573426,0.0
34,LogisticRegression,LIME,2,7,status_checking_account_A11,0.12980711572030154,0.12980711572030154,0.0
34,LogisticRegression,LIME,3,1,credit_amount,-0.12931021820634628,0.12931021820634628,1.0205834225896788
34,LogisticRegression,LIME,4,23,purpose_A46,0.12842920328718865,0.12842920328718865,0.0
34,LogisticRegression,LIME,5,15,credit_history_A34,0.1235088651892632,0.1235088651892632,1.0
35,LogisticRegression,LIME,1,17,purpose_A41,-0.17405524163314318,0.17405524163314318,0.0
35,LogisticRegression,LIME,2,23,purpose_A46,0.145987472980546,0.145987472980546,0.0
35,LogisticRegression,LIME,3,7,status_checking_account_A11,-0.12965491942542728,0.12965491942542728,1.0
35,LogisticRegression,LIME,4,10,status_checking_account_A14,-0.12822247837052567,0.12822247837052567,0.0
35,LogisticRegression,LIME,5,15,credit_history_A34,0.12741175048953482,0.12741175048953482,1.0
36,LogisticRegression,LIME,1,17,purpose_A41,0.1728529649982487,0.1728529649982487,1.0
36,LogisticRegression,LIME,2,23,purpose_A46,0.1423755710269592,0.1423755710269592,0.0
36,LogisticRegression,LIME,3,15,credit_history_A34,0.12964506039603255,0.12964506039603255,1.0
36,LogisticRegression,LIME,4,7,status_checking_account_A11,0.12643095185643421,0.12643095185643421,0.0
36,LogisticRegression,LIME,5,10,status_checking_account_A14,0.12425385411395733,0.12425385411395733,1.0
37,LogisticRegression,LIME,1,17,purpose_A41,-0.16932707286084697,0.16932707286084697,0.0
37,LogisticRegression,LIME,2,7,status_checking_account_A11,-0.13828563951036743,0.13828563951036743,1.0
37,LogisticRegression,LIME,3,23,purpose_A46,0.13663638057934643,0.13663638057934643,0.0
37,LogisticRegression,LIME,4,15,credit_history_A34,-0.1281601928262795,0.1281601928262795,0.0
37,LogisticRegression,LIME,5,10,status_checking_account_A14,-0.11975942153820635,0.11975942153820635,0.0
38,LogisticRegression,LIME,1,17,purpose_A41,-0.1738482744371927,0.1738482744371927,0.0
38,LogisticRegression,LIME,2,23,purpose_A46,0.13679932828073682,0.13679932828073682,0.0
38,LogisticRegression,LIME,3,7,status_checking_account_A11,0.12783880599589492,0.12783880599589492,0.0
38,LogisticRegression,LIME,4,15,credit_history_A34,0.12346518591311163,0.12346518591311163,1.0
38,LogisticRegression,LIME,5,10,status_checking_account_A14,-0.12225852622737333,0.12225852622737333,0.0
39,LogisticRegression,LIME,1,17,purpose_A41,-0.1681698591451707,0.1681698591451707,0.0
39,LogisticRegression,LIME,2,23,purpose_A46,0.15096661180453957,0.15096661180453957,0.0
39,LogisticRegression,LIME,3,1,credit_amount,-0.13359202145390467,0.13359202145390467,1.0775119928492993
39,LogisticRegression,LIME,4,7,status_checking_account_A11,-0.13032884006587742,0.13032884006587742,1.0
39,LogisticRegression,LIME,5,10,status_checking_account_A14,-0.12751641419448603,0.12751641419448603,0.0
40,LogisticRegression,LIME,1,17,purpose_A41,-0.1696978255618776,0.1696978255618776,0.0
40,LogisticRegression,LIME,2,23,purpose_A46,0.1407375030523588,0.1407375030523588,0.0
40,LogisticRegression,LIME,3,15,credit_history_A34,-0.12887991236877758,0.12887991236877758,0.0
40,LogisticRegression,LIME,4,7,status_checking_account_A11,0.12757006473971585,0.12757006473971585,0.0
40,LogisticRegression,LIME,5,10,status_checking_account_A14,0.12367423089310493,0.12367423089310493,1.0
41,LogisticRegression,LIME,1,17,purpose_A41,-0.16662548058968366,0.16662548058968366,0.0
41,LogisticRegression,LIME,2,23,purpose_A46,0.13417046025678833,0.13417046025678833,0.0
41,LogisticRegression,LIME,3,10,status_checking_account_A14,0.12570413536541533,0.12570413536541533,1.0
41,LogisticRegression,LIME,4,7,status_checking_account_A11,0.12549065402512746,0.12549065402512746,0.0
41,LogisticRegression,LIME,5,15,credit_history_A34,-0.12257754796564421,0.12257754796564421,0.0
42,LogisticRegression,LIME,1,17,purpose_A41,-0.16840056298398628,0.16840056298398628,0.0
42,LogisticRegression,LIME,2,15,credit_history_A34,0.1304009782235668,0.1304009782235668,1.0
42,LogisticRegression,LIME,3,23,purpose_A46,0.1292281677623402,0.1292281677623402,0.0
42,LogisticRegression,LIME,4,7,status_checking_account_A11,-0.12410573860810134,0.12410573860810134,1.0
42,LogisticRegression,LIME,5,10,status_checking_account_A14,-0.1234222207544671,0.1234222207544671,0.0
43,LogisticRegression,LIME,1,17,purpose_A41,-0.16594158220009333,0.16594158220009333,0.0
43,LogisticRegression,LIME,2,23,purpose_A46,0.13414127323935757,0.13414127323935757,0.0
43,LogisticRegression,LIME,3,7,status_checking_account_A11,-0.13200440465001903,0.13200440465001903,1.0
43,LogisticRegression,LIME,4,15,credit_history_A34,-0.1275359923728765,0.1275359923728765,0.0
43,LogisticRegression,LIME,5,10,status_checking_account_A14,-0.12426218795291734,0.12426218795291734,0.0
44,LogisticRegression,LIME,1,17,purpose_A41,-0.17520319488387218,0.17520319488387218,0.0
44,LogisticRegression,LIME,2,23,purpose_A46,0.13458524707633426,0.13458524707633426,0.0
44,LogisticRegression,LIME,3,7,status_checking_account_A11,0.12861720503927143,0.12861720503927143,0.0
44,LogisticRegression,LIME,4,15,credit_history_A34,-0.12656993563763247,0.12656993563763247,0.0
44,LogisticRegression,LIME,5,10,status_checking_account_A14,-0.12532847868587865,0.12532847868587865,0.0
45,LogisticRegression,LIME,1,17,purpose_A41,0.1635864078106209,0.1635864078106209,1.0
45,LogisticRegression,LIME,2,23,purpose_A46,0.13816775149800312,0.13816775149800312,0.0
45,LogisticRegression,LIME,3,1,credit_amount,-0.1288002060201258,0.1288002060201258,0.6836665382229932
45,LogisticRegression,LIME,4,7,status_checking_account_A11,0.12675344466696042,0.12675344466696042,0.0
45,LogisticRegression,LIME,5,15,credit_history_A34,-0.12658108797612636,0.12658108797612636,0.0
46,LogisticRegression,LIME,1,17,purpose_A41,-0.16726880705050926,0.16726880705050926,0.0
46,LogisticRegression,LIME,2,23,purpose_A46,0.14956127630027463,0.14956127630027463,0.0
46,LogisticRegression,LIME,3,7,status_checking_account_A11,0.1355009321248586,0.1355009321248586,0.0
46,LogisticRegression,LIME,4,15,credit_history_A34,0.12713989866895523,0.12713989866895523,1.0
46,LogisticRegression,LIME,5,42,other_debtors_guarantors_A103,-0.12422773131461307,0.12422773131461307,0.0
47,LogisticRegression,LIME,1,17,purpose_A41,-0.17263643495717274,0.17263643495717274,0.0
47,LogisticRegression,LIME,2,23,purpose_A46,0.14141037559268507,0.14141037559268507,0.0
47,LogisticRegression,LIME,3,7,status_checking_account_A11,-0.1313643077284936,0.1313643077284936,1.0
47,LogisticRegression,LIME,4,15,credit_history_A34,-0.1242780000120374,0.1242780000120374,0.0
47,LogisticRegression,LIME,5,10,status_checking_account_A14,-0.11992587600785125,0.11992587600785125,0.0
48,LogisticRegression,LIME,1,17,purpose_A41,-0.16878188977464742,0.16878188977464742,0.0
48,LogisticRegression,LIME,2,23,purpose_A46,0.14496095021104785,0.14496095021104785,0.0
48,LogisticRegression,LIME,3,7,status_checking_account_A11,-0.13013962506898258,0.13013962506898258,1.0
48,LogisticRegression,LIME,4,15,credit_history_A34,-0.12621945959690328,0.12621945959690328,0.0
48,LogisticRegression,LIME,5,10,status_checking_account_A14,-0.12297677550650729,0.12297677550650729,0.0
49,LogisticRegression,LIME,1,17,purpose_A41,-0.1641450467998232,0.1641450467998232,0.0
49,LogisticRegression,LIME,2,23,purpose_A46,0.14452443497595677,0.14452443497595677,0.0
49,LogisticRegression,LIME,3,7,status_checking_account_A11,0.13142917568446,0.13142917568446,0.0
49,LogisticRegression,LIME,4,1,credit_amount,-0.12673147605288365,0.12673147605288365,1.1247734474044562
49,LogisticRegression,LIME,5,15,credit_history_A34,0.12502684824662222,0.12502684824662222,1.0
0,RandomForest,LIME,1,10,status_checking_account_A14,-0.1060434897868,0.1060434897868,0.0
0,RandomForest,LIME,2,7,status_checking_account_A11,-0.08428846880946765,0.08428846880946765,1.0
0,RandomForest,LIME,3,15,credit_history_A34,-0.054194893133524956,0.054194893133524956,0.0
0,RandomForest,LIME,4,17,purpose_A41,-0.05119056270109716,0.05119056270109716,0.0
0,RandomForest,LIME,5,23,purpose_A46,0.0486850349414145,0.0486850349414145,0.0
1,RandomForest,LIME,1,10,status_checking_account_A14,-0.10828251162430293,0.10828251162430293,0.0
1,RandomForest,LIME,2,7,status_checking_account_A11,-0.08900441036436021,0.08900441036436021,1.0
1,RandomForest,LIME,3,1,credit_amount,-0.057627699519092204,0.057627699519092204,0.7456076869960395
1,RandomForest,LIME,4,15,credit_history_A34,0.05687675354699475,0.05687675354699475,1.0
1,RandomForest,LIME,5,17,purpose_A41,-0.05172312096889959,0.05172312096889959,0.0
2,RandomForest,LIME,1,10,status_checking_account_A14,-0.10909221183072425,0.10909221183072425,0.0
2,RandomForest,LIME,2,7,status_checking_account_A11,0.0849078052473774,0.0849078052473774,0.0
2,RandomForest,LIME,3,1,credit_amount,-0.06046390628648788,0.06046390628648788,0.6919014886379068
2,RandomForest,LIME,4,15,credit_history_A34,-0.05643520970633621,0.05643520970633621,0.0
2,RandomForest,LIME,5,17,purpose_A41,-0.05200478090346112,0.05200478090346112,0.0
3,RandomForest,LIME,1,10,status_checking_account_A14,-0.1040414310997008,0.1040414310997008,0.0
3,RandomForest,LIME,2,7,status_checking_account_A11,0.08170119255020812,0.08170119255020812,0.0
3,RandomForest,LIME,3,0,duration_months,0.05760782636211721,0.05760782636211721,-1.2236029017689123
3,RandomForest,LIME,4,15,credit_history_A34,-0.052651465766367374,0.052651465766367374,0.0
3,RandomForest,LIME,5,17,purpose_A41,-0.04950504434106544,0.04950504434106544,0.0
4,RandomForest,LIME,1,10,status_checking_account_A14,0.10729086686435653,0.10729086686435653,1.0
4,RandomForest,LIME,2,7,status_checking_account_A11,0.08333933284179562,0.08333933284179562,0.0
4,RandomForest,LIME,3,0,duration_months,-0.07732035797506097,0.07732035797506097,1.2266521080032957
4,RandomForest,LIME,4,15,credit_history_A34,-0.054409469700884186,0.054409469700884186,0.0
4,RandomForest,LIME,5,17,purpose_A41,-0.049872123268096105,0.049872123268096105,0.0
5,RandomForest,LIME,1,10,status_checking_account_A14,-0.10907673642032906,0.10907673642032906,0.0
5,RandomForest,LIME,2,7,status_checking_account_A11,0.08558634850563973,0.08558634850563973,0.0
5,RandomForest,LIME,3,0,duration_months,0.0581869115593136,0.0581869115593136,-1.2236029017689123
5,RandomForest,LIME,4,15,credit_history_A34,-0.05543334755633632,0.05543334755633632,0.0
5,RandomForest,LIME,5,11,credit_history_A30,0.04848977460509853,0.04848977460509853,0.0
6,RandomForest,LIME,1,10,status_checking_account_A14,-0.10756626375837117,0.10756626375837117,0.0
6,RandomForest,LIME,2,7,status_checking_account_A11,0.08519539629327406,0.08519539629327406,0.0
6,RandomForest,LIME,3,15,credit_history_A34,0.05768678198562893,0.05768678198562893,1.0
6,RandomForest,LIME,4,11,credit_history_A30,0.055380375229387976,0.055380375229387976,0.0
6,RandomForest,LIME,5,23,purpose_A46,0.0527947760150278,0.0527947760150278,0.0
7,RandomForest,LIME,1,10,status_checking_account_A14,-0.10452793088578953,0.10452793088578953,0.0
7,RandomForest,LIME,2,7,status_checking_account_A11,-0.08173338012716626,0.08173338012716626,1.0
7,RandomForest,LIME,3,15,credit_history_A34,-0.05641368682656828,0.05641368682656828,0.0
7,RandomForest,LIME,4,11,credit_history_A30,0.05361233429937429,0.05361233429937429,0.0
7,RandomForest,LIME,5,17,purpose_A41,-0.04816322241990272,0.04816322241990272,0.0
8,RandomForest,LIME,1,10,status_checking_account_A14,-0.10700377115743526,0.10700377115743526,0.0
8,RandomForest,LIME,2,7,status_checking_account_A11,0.08519703638199434,0.08519703638199434,0.0
8,RandomForest,LIME,3,0,duration_months,-0.0798460517158015,0.0798460517158015,1.2266521080032957
8,RandomForest,LIME,4,1,credit_amount,-0.05876456031236917,0.05876456031236917,0.564080736545551
8,RandomForest,LIME,5,15,credit_history_A34,-0.0568300340381844,0.0568300340381844,0.0
9,RandomForest,LIME,1,10,status_checking_account_A14,-0.11021952281339638,0.11021952281339638,0.0
9,RandomForest,LIME,2,7,status_checking_account_A11,0.08558692423730073,0.08558692423730073,0.0
9,RandomForest,LIME,3,0,duration_months,-0.08102133865879607,0.08102133865879607,1.961728610934958
9,RandomForest,LIME,4,15,credit_history_A34,-0.05531973358646343,0.05531973358646343,0.0
9,RandomForest,LIME,5,17,purpose_A41,-0.05464099944115395,0.05464099944115395,0.0
10,RandomForest,LIME,1,10,status_checking_account_A14,0.10535517640682426,0.10535517640682426,1.0
10,RandomForest,LIME,2,7,status_checking_account_A11,0.08299047515665499,0.08299047515665499,0.0
10,RandomForest,LIME,3,15,credit_history_A34,-0.05727211825282671,0.05727211825282671,0.0
10,RandomForest,LIME,4,0,duration_months,0.05295391927944964,0.05295391927944964,-1.2236029017689123
10,RandomForest,LIME,5,11,credit_history_A30,0.052162610513367264,0.052162610513367264,0.0
11,RandomForest,LIME,1,10,status_checking_account_A14,-0.10980241718981057,0.10980241718981057,0.0
11,RandomForest,LIME,2,7,status_checking_account_A11,-0.08546187154608208,0.08546187154608208,1.0
11,RandomForest,LIME,3,15,credit_history_A34,-0.053993053041396115,0.053993053041396115,0.0
11,RandomForest,LIME,4,17,purpose_A41,-0.050663838516090125,0.050663838516090125,0.0
11,RandomForest,LIME,5,12,credit_history_A31,0.04947303243560792,0.04947303243560792,0.0
12,RandomForest,LIME,1,10,status_checking_account_A14,0.10869857488427985,0.10869857488427985,1.0
12,RandomForest,LIME,2,7,status_checking_account_A11,0.08570424387521357,0.08570424387521357,0.0
12,RandomForest,LIME,3,15,credit_history_A34,-0.05802737452492409,0.05802737452492409,0.0
12,RandomForest,LIME,4,0,duration_months,0.05410693990840738,0.05410693990840738,-0.7335518998144707
12,RandomForest,LIME,5,17,purpose_A41,-0.05322711764798516,0.05322711764798516,0.0
13,RandomForest,LIME,1,10,status_checking_account_A14,0.11014345769626552,0.11014345769626552,1.0
13,RandomForest,LIME,2,7,status_checking_account_A11,0.0853107942541038,0.0853107942541038,0.0
13,RandomForest,LIME,3,0,duration_months,0.057206717806456635,0.057206717806456635,-0.7335518998144707
13,RandomForest,LIME,4,15,credit_history_A34,0.05505122536565205,0.05505122536565205,1.0
13,RandomForest,LIME,5,17,purpose_A41,-0.05219525821162079,0.05219525821162079,0.0
14,RandomForest,LIME,1,10,status_checking_account_A14,-0.1046635426726478,0.1046635426726478,0.0
14,RandomForest,LIME,2,7,status_checking_account_A11,0.08312241204545263,0.08312241204545263,0.0
14,RandomForest,LIME,3,15,credit_history_A34,0.05657949555396173,0.05657949555396173,1.0
14,RandomForest,LIME,4,11,credit_history_A30,0.05031234589249991,0.05031234589249991,0.0
14,RandomForest,LIME,5,12,credit_history_A31,0.04988163888632948,0.04988163888632948,0.0
15,RandomForest,LIME,1,10,status_checking_account_A14,-0.11093390775399489,0.11093390775399489,0.0
15,RandomForest,LIME,2,7,status_checking_account_A11,-0.08184451845876314,0.08184451845876314,1.0
15,RandomForest,LIME,3,15,credit_history_A34,-0.05685929035472036,0.05685929035472036,0.0
15,RandomForest,LIME,4,0,duration_months,0.05546202161336629,0.05546202161336629,-0.7335518998144707
15,RandomForest,LIME,5,17,purpose_A41,-0.05097656839665202,0.05097656839665202,0.0
16,RandomForest,LIME,1,10,status_checking_account_A14,0.10648290944408133,0.10648290944408133,1.0
16,RandomForest,LIME,2,7,status_checking_account_A11,0.08597834501998289,0.08597834501998289,0.0
16,RandomForest,LIME,3,15,credit_history_A34,0.05363830861861844,0.05363830861861844,1.0
16,RandomForest,LIME,4,12,credit_history_A31,0.050742577813524384,0.050742577813524384,0.0
16,RandomForest,LIME,5,11,credit_history_A30,0.04830089050296552,0.04830089050296552,0.0
17,RandomForest,LIME,1,10,status_checking_account_A14,0.10953356062993058,0.10953356062993058,1.0
17,RandomForest,LIME,2,7,status_checking_account_A11,0.08601224472316156,0.08601224472316156,0.0
17,RandomForest,LIME,3,0,duration_months,0.05703743239132234,0.05703743239132234,-0.8969022337992846
17,RandomForest,LIME,4,15,credit_history_A34,-0.055077364408963415,0.055077364408963415,0.0
17,RandomForest,LIME,5,17,purpose_A41,-0.05244081440130881,0.05244081440130881,0.0
18,RandomForest,LIME,1,10,status_checking_account_A14,0.10845346557219862,0.10845346557219862,1.0
18,RandomForest,LIME,2,7,status_checking_account_A11,0.08499357365590456,0.08499357365590456,0.0
18,RandomForest,LIME,3,15,credit_history_A34,-0.058597699395969725,0.058597699395969725,0.0
18,RandomForest,LIME,4,0,duration_months,0.056203029037603464,0.056203029037603464,-0.9785774007916914
18,RandomForest,LIME,5,17,purpose_A41,-0.050681300957698405,0.050681300957698405,0.0
19,RandomForest,LIME,1,10,status_checking_account_A14,0.10509390994573158,0.10509390994573158,1.0
19,RandomForest,LIME,2,7,status_checking_account_A11,0.08368272980909189,0.08368272980909189,0.0
19,RandomForest,LIME,3,15,credit_history_A34,-0.05906200171553368,0.05906200171553368,0.0
19,RandomForest,LIME,4,0,duration_months,0.05522472238254655,0.05522472238254655,-0.7335518998144707
19,RandomForest,LIME,5,17,purpose_A41,-0.0521734620299776,0.0521734620299776,0.0
20,RandomForest,LIME,1,10,status_checking_account_A14,-0.10944723152153486,0.10944723152153486,0.0
20,RandomForest,LIME,2,7,status_checking_account_A11,-0.08559465909076405,0.08559465909076405,1.0
20,RandomForest,LIME,3,0,duration_months,0.0581841073746166,0.0581841073746166,-0.7335518998144707
20,RandomForest,LIME,4,15,credit_history_A34,0.057149568844690135,0.057149568844690135,1.0
20,RandomForest,LIME,5,17,purpose_A41,-0.051323493763395595,0.051323493763395595,0.0
21,RandomForest,LIME,1,10,status_checking_account_A14,-0.10411323224004136,0.10411323224004136,0.0
21,RandomForest,LIME,2,7,status_checking_account_A11,-0.084526235951554,0.084526235951554,1.0
21,RandomForest,LIME,3,15,credit_history_A34,-0.05732358159137003,0.05732358159137003,0.0
21,RandomForest,LIME,4,0,duration_months,0.057226673292382235,0.057226673292382235,-1.2236029017689123
21,RandomForest,LIME,5,23,purpose_A46,0.05086534237358861,0.05086534237358861,0.0
22,RandomForest,LIME,1,10,status_checking_account_A14,-0.10639260607670162,0.10639260607670162,0.0
22,RandomForest,LIME,2,7,status_checking_account_A11,0.08028213419023056,0.08028213419023056,0.0
22,RandomForest,LIME,3,15,credit_history_A34,-0.05590937726758918,0.05590937726758918,0.0
22,RandomForest,LIME,4,23,purpose_A46,0.050884619601650735,0.050884619601650735,0.0
22,RandomForest,LIME,5,17,purpose_A41,-0.04874910860540311,0.04874910860540311,0.0
23,RandomForest,LIME,1,10,status_checking_account_A14,0.1091746360927597,0.1091746360927597,1.0
23,RandomForest,LIME,2,7,status_checking_account_A11,0.08632041050501954,0.08632041050501954,0.0
23,RandomForest,LIME,3,0,duration_months,0.054466867517871505,0.054466867517871505,-0.9785774007916914
23,RandomForest,LIME,4,15,credit_history_A34,-0.053279508443154336,0.053279508443154336,0.0
23,RandomForest,LIME,5,17,purpose_A41,-0.052572324958617966,0.052572324958617966,0.0
24,RandomForest,LIME,1,10,status_checking_account_A14,-0.10739015613826326,0.10739015613826326,0.0
24,RandomForest,LIME,2,7,status_checking_account_A11,0.08562257171907343,0.08562257171907343,0.0
24,RandomForest,LIME,3,15,credit_history_A34,-0.05806681573868251,0.05806681573868251,0.0
24,RandomForest,LIME,4,17,purpose_A41,-0.050428626205614044,0.050428626205614044,0.0
24,RandomForest,LIME,5,11,credit_history_A30,0.04810423476428774,0.04810423476428774,0.0
25,RandomForest,LIME,1,10,status_checking_account_A14,-0.10637099010158309,0.10637099010158309,0.0
25,RandomForest,LIME,2,7,status_checking_account_A11,0.08085386124223903,0.08085386124223903,0.0
25,RandomForest,LIME,3,0,duration_months,-0.07802929757057953,0.07802929757057953,1.2266521080032957
25,RandomForest,LIME,4,1,credit_amount,-0.0608782598683128,0.0608782598683128,1.5082357036815233
25,RandomForest,LIME,5,15,credit_history_A34,-0.05653333940208214,0.05653333940208214,0.0
26,RandomForest,LIME,1,10,status_checking_account_A14,0.10574700815754871,0.10574700815754871,1.0
26,RandomForest,LIME,2,7,status_checking_account_A11,0.08120583622852202,0.08120583622852202,0.0
26,RandomForest,LIME,3,1,credit_amount,-0.06120218746959953,0.06120218746959953,0.6911854059931317
26,RandomForest,LIME,4,15,credit_history_A34,0.05640489936011748,0.05640489936011748,1.0
26,RandomForest,LIME,5,12,credit_history_A31,0.052659442553436825,0.052659442553436825,0.0
27,RandomForest,LIME,1,10,status_checking_account_A14,-0.1078650777725134,0.1078650777725134,0.0
27,RandomForest,LIME,2,7,status_checking_account_A11,0.08693097385951691,0.08693097385951691,0.0
27,RandomForest,LIME,3,0,duration_months,-0.0804920728327485,0.0804920728327485,2.2067541119121787
27,RandomForest,LIME,4,1,credit_amount,-0.05736254209356995,0.05736254209356995,0.773892951464656
27,RandomForest,LIME,5,15,credit_history_A34,-0.055717699270720705,0.055717699270720705,0.0
28,RandomForest,LIME,1,10,status_checking_account_A14,0.10535257171443052,0.10535257171443052,1.0
28,RandomForest,LIME,2,7,status_checking_account_A11,0.0838816376832233,0.0838816376832233,0.0
28,RandomForest,LIME,3,0,duration_months,-0.08001556929243285,0.08001556929243285,2.2067541119121787
28,RandomForest,LIME,4,1,credit_amount,-0.06140949477769459,0.06140949477769459,2.996971522168961
28,RandomForest,LIME,5,15,credit_history_A34,0.05307311040596803,0.05307311040596803,1.0
29,RandomForest,LIME,1,10,status_checking_account_A14,-0.10698808938160062,0.10698808938160062,0.0
29,RandomForest,LIME,2,7,status_checking_account_A11,-0.08449852246096028,0.08449852246096028,1.0
29,RandomForest,LIME,3,0,duration_months,0.05496872281177743,0.05496872281177743,-1.2236029017689123
29,RandomForest,LIME,4,15,credit_history_A34,-0.0536926585394031,0.0536926585394031,0.0
29,RandomForest,LIME,5,12,credit_history_A31,0.05264164398745223,0.05264164398745223,0.0
30,RandomForest,LIME,1,10,status_checking_account_A14,-0.10867809160111898,0.10867809160111898,0.0
30,RandomForest,LIME,2,7,status_checking_account_A11,0.08408226183052135,0.08408226183052135,0.0
30,RandomForest,LIME,3,0,duration_months,0.058944501508168566,0.058944501508168566,-0.9785774007916914
30,RandomForest,LIME,4,15,credit_history_A34,-0.057331631250606634,0.057331631250606634,0.0
30,RandomForest,LIME,5,17,purpose_A41,-0.05357106125916251,0.05357106125916251,0.0
31,RandomForest,LIME,1,10,status_checking_account_A14,-0.10845023464680607,0.10845023464680607,0.0
31,RandomForest,LIME,2,7,status_checking_account_A11,0.08419419546455194,0.08419419546455194,0.0
31,RandomForest,LIME,3,0,duration_months,-0.08171408655231113,0.08171408655231113,1.2266521080032957
31,RandomForest,LIME,4,15,credit_history_A34,-0.053475769521674515,0.053475769521674515,0.0
31,RandomForest,LIME,5,17,purpose_A41,-0.04740712014322491,0.04740712014322491,0.0
32,RandomForest,LIME,1,10,status_checking_account_A14,-0.10623179226647417,0.10623179226647417,0.0
32,RandomForest,LIME,2,7,status_checking_account_A11,0.08270808034703228,0.08270808034703228,0.0
32,RandomForest,LIME,3,15,credit_history_A34,-0.056721652280100864,0.056721652280100864,0.0
32,RandomForest,LIME,4,0,duration_months,0.056547640051327154,0.056547640051327154,-1.0602525677840984
32,RandomForest,LIME,5,12,credit_history_A31,0.05146176041768473,0.05146176041768473,0.0
33,RandomForest,LIME,1,10,status_checking_account_A14,0.10667113441416781,0.10667113441416781,1.0
33,RandomForest,LIME,2,7,status_checking_account_A11,0.08511532105445786,0.08511532105445786,0.0
33,RandomForest,LIME,3,15,credit_history_A34,-0.05501825908017274,0.05501825908017274,0.0
33,RandomForest,LIME,4,17,purpose_A41,-0.04911263231351382,0.04911263231351382,0.0
33,RandomForest,LIME,5,46,property_A124,0.04606239805328626,0.04606239805328626,0.0
34,RandomForest,LIME,1,10,status_checking_account_A14,0.10759978280078508,0.10759978280078508,1.0
34,RandomForest,LIME,2,7,status_checking_account_A11,0.08518868612753935,0.08518868612753935,0.0
34,RandomForest,LIME,3,1,credit_amount,-0.06136277905917409,0.06136277905917409,1.0205834225896788
34,RandomForest,LIME,4,15,credit_history_A34,0.054689484023375784,0.054689484023375784,1.0
34,RandomForest,LIME,5,17,purpose_A41,-0.053503919127082675,0.053503919127082675,0.0
35,RandomForest,LIME,1,10,status_checking_account_A14,-0.10748967536847351,0.10748967536847351,0.0
35,RandomForest,LIME,2,7,status_checking_account_A11,-0.08361761599118563,0.08361761599118563,1.0
35,RandomForest,LIME,3,0,duration_months,0.06077206546043797,0.06077206546043797,-0.7335518998144707
35,RandomForest,LIME,4,15,credit_history_A34,0.05535414232420704,0.05535414232420704,1.0
35,RandomForest,LIME,5,17,purpose_A41,-0.05046703419910955,0.05046703419910955,0.0
36,RandomForest,LIME,1,10,status_checking_account_A14,0.10398007560175877,0.10398007560175877,1.0
36,RandomForest,LIME,2,7,status_checking_account_A11,0.08526107438998728,0.08526107438998728,0.0
36,RandomForest,LIME,3,12,credit_history_A31,0.05385701388869824,0.05385701388869824,0.0
36,RandomForest,LIME,4,11,credit_history_A30,0.053155401092699096,0.053155401092699096,0.0
36,RandomForest,LIME,5,15,credit_history_A34,0.051500719042361774,0.051500719042361774,1.0
37,RandomForest,LIME,1,10,status_checking_account_A14,-0.1087482723343914,0.1087482723343914,0.0
37,RandomForest,LIME,2,7,status_checking_account_A11,-0.0842487978994775,0.0842487978994775,1.0
37,RandomForest,LIME,3,15,credit_history_A34,-0.053840246468190855,0.053840246468190855,0.0
37,RandomForest,LIME,4,17,purpose_A41,-0.04903592752931287,0.04903592752931287,0.0
37,RandomForest,LIME,5,11,credit_history_A30,0.04694448468300365,0.04694448468300365,0.0
38,RandomForest,LIME,1,10,status_checking_account_A14,-0.10689747499810279,0.10689747499810279,0.0
38,RandomForest,LIME,2,7,status_checking_account_A11,0.08501983402625778,0.08501983402625778,0.0
38,RandomForest,LIME,3,0,duration_months,0.059501643696486896,0.059501643696486896,-0.7335518998144707
38,RandomForest,LIME,4,15,credit_history_A34,0.054532314682785056,0.054532314682785056,1.0
38,RandomForest,LIME,5,17,purpose_A41,-0.05066382905616025,0.05066382905616025,0.0
39,RandomForest,LIME,1,10,status_checking_account_A14,-0.10644356867048646,0.10644356867048646,0.0
39,RandomForest,LIME,2,7,status_checking_account_A11,-0.08281667898939765,0.08281667898939765,1.0
39,RandomForest,LIME,3,0,duration_months,-0.0822043202145425,0.0822043202145425,1.2266521080032957
39,RandomForest,LIME,4,1,credit_amount,-0.06183690881905859,0.06183690881905859,1.0775119928492993
39,RandomForest,LIME,5,15,credit_history_A34,0.05398393903294372,0.05398393903294372,1.0
40,RandomForest,LIME,1,10,status_checking_account_A14,0.11014982557717468,0.11014982557717468,1.0
40,RandomForest,LIME,2,7,status_checking_account_A11,0.0817627588802711,0.0817627588802711,0.0
40,RandomForest,LIME,3,15,credit_history_A34,-0.054232458930955484,0.054232458930955484,0.0
40,RandomForest,LIME,4,17,purpose_A41,-0.053115976259947566,0.053115976259947566,0.0
40,RandomForest,LIME,5,11,credit_history_A30,0.04692733693838123,0.04692733693838123,0.0
41,RandomForest,LIME,1,10,status_checking_account_A14,0.1071113296641384,0.1071113296641384,1.0
41,RandomForest,LIME,2,7,status_checking_account_A11,0.0827681299606451,0.0827681299606451,0.0
41,RandomForest,LIME,3,0,duration_months,0.05628145039748743,0.05628145039748743,-0.7335518998144707
41,RandomForest,LIME,4,15,credit_history_A34,-0.05507332648035811,0.05507332648035811,0.0
41,RandomForest,LIME,5,17,purpose_A41,-0.05128920497728544,0.05128920497728544,0.0
42,RandomForest,LIME,1,10,status_checking_account_A14,-0.10581690964800958,0.10581690964800958,0.0
42,RandomForest,LIME,2,7,status_checking_account_A11,-0.08250585399955106,0.08250585399955106,1.0
42,RandomForest,LIME,3,0,duration_months,0.05901185517610792,0.05901185517610792,-0.9785774007916914
42,RandomForest,LIME,4,15,credit_history_A34,0.05421603545224193,0.05421603545224193,1.0
42,RandomForest,LIME,5,17,purpose_A41,-0.05002100057482672,0.05002100057482672,0.0
43,RandomForest,LIME,1,10,status_checking_account_A14,-0.1086932361810114,0.1086932361810114,0.0
43,RandomForest,LIME,2,7,status_checking_account_A11,-0.0854803547476138,0.0854803547476138,1.0
43,RandomForest,LIME,3,15,credit_history_A34,-0.052679003622487265,0.052679003622487265,0.0
43,RandomForest,LIME,4,17,purpose_A41,-0.0487392659179832,0.0487392659179832,0.0
43,RandomForest,LIME,5,11,credit_history_A30,0.048380893576304644,0.048380893576304644,0.0
44,RandomForest,LIME,1,10,status_checking_account_A14,-0.10830449041099788,0.10830449041099788,0.0
44,RandomForest,LIME,2,7,status_checking_account_A11,0.08528679304124633,0.08528679304124633,0.0
44,RandomForest,LIME,3,0,duration_months,0.058910176018215,0.058910176018215,-0.7335518998144707
44,RandomForest,LIME,4,15,credit_history_A34,-0.052633369512226705,0.052633369512226705,0.0
44,RandomForest,LIME,5,12,credit_history_A31,0.04857837499502893,0.04857837499502893,0.0
45,RandomForest,LIME,1,10,status_checking_account_A14,-0.10822235739514001,0.10822235739514001,0.0
45,RandomForest,LIME,2,7,status_checking_account_A11,0.08325445713543499,0.08325445713543499,0.0
45,RandomForest,LIME,3,1,credit_amount,-0.06001426778610192,0.06001426778610192,0.6836665382229932
45,RandomForest,LIME,4,17,purpose_A41,0.057297291226909026,0.057297291226909026,1.0
45,RandomForest,LIME,5,0,duration_months,0.0569894335287664,0.0569894335287664,-0.9785774007916914
46,RandomForest,LIME,1,10,status_checking_account_A14,-0.10858441696967795,0.10858441696967795,0.0
46,RandomForest,LIME,2,7,status_checking_account_A11,0.08667287958907195,0.08667287958907195,0.0
46,RandomForest,LIME,3,15,credit_history_A34,0.056056293267976814,0.056056293267976814,1.0
46,RandomForest,LIME,4,17,purpose_A41,-0.05506515037889888,0.05506515037889888,0.0
46,RandomForest,LIME,5,11,credit_history_A30,0.05162751900361339,0.05162751900361339,0.0
47,RandomForest,LIME,1,10,status_checking_account_A14,-0.11272857945196098,0.11272857945196098,0.0
47,RandomForest,LIME,2,7,status_checking_account_A11,-0.08680738607893665,0.08680738607893665,1.0
47,RandomForest,LIME,3,15,credit_history_A34,-0.05398305804858512,0.05398305804858512,0.0
47,RandomForest,LIME,4,17,purpose_A41,-0.051867018038341595,0.051867018038341595,0.0
47,RandomForest,LIME,5,11,credit_history_A30,0.04574725890128246,0.04574725890128246,0.0
48,RandomForest,LIME,1,10,status_checking_account_A14,-0.10833406392776293,0.10833406392776293,0.0
48,RandomForest,LIME,2,7,status_checking_account_A11,-0.08265690532574635,0.08265690532574635,1.0
48,RandomForest,LIME,3,0,duration_months,0.05801657559909823,0.05801657559909823,-0.7335518998144707
48,RandomForest,LIME,4,15,credit_history_A34,-0.05502808339287747,0.05502808339287747,0.0
48,RandomForest,LIME,5,11,credit_history_A30,0.05230074427236095,0.05230074427236095,0.0
49,RandomForest,LIME,1,10,status_checking_account_A14,-0.10932193985324978,0.10932193985324978,0.0
49,RandomForest,LIME,2,7,status_checking_account_A11,0.08348129419376477,0.08348129419376477,0.0
49,RandomForest,LIME,3,1,credit_amount,-0.05673508270689387,0.05673508270689387,1.1247734474044562
49,RandomForest,LIME,4,15,credit_history_A34,0.05535909911868452,0.05535909911868452,1.0
49,RandomForest,LIME,5,23,purpose_A46,0.05299274638595906,0.05299274638595906,0.0
0,GradientBoosting,LIME,1,23,purpose_A46,0.19602892886187231,0.19602892886187231,0.0
0,GradientBoosting,LIME,2,17,purpose_A41,-0.16133664151314336,0.16133664151314336,0.0
0,GradientBoosting,LIME,3,10,status_checking_account_A14,-0.16058938264726771,0.16058938264726771,0.0
0,GradientBoosting,LIME,4,12,credit_history_A31,-0.10153317936294005,0.10153317936294005,1.0
0,GradientBoosting,LIME,5,7,status_checking_account_A11,-0.09352433842802602,0.09352433842802602,1.0
1,GradientBoosting,LIME,1,23,purpose_A46,0.1718995081407763,0.1718995081407763,0.0
1,GradientBoosting,LIME,2,10,status_checking_account_A14,-0.1647962120081414,0.1647962120081414,0.0
1,GradientBoosting,LIME,3,17,purpose_A41,-0.16094656206912025,0.16094656206912025,0.0
1,GradientBoosting,LIME,4,1,credit_amount,-0.12178638073137982,0.12178638073137982,0.7456076869960395
1,GradientBoosting,LIME,5,42,other_debtors_guarantors_A103,-0.08923002246405867,0.08923002246405867,0.0
2,GradientBoosting,LIME,1,23,purpose_A46,0.17835721644767372,0.17835721644767372,0.0
2,GradientBoosting,LIME,2,10,status_checking_account_A14,-0.1609482526316804,0.1609482526316804,0.0
2,GradientBoosting,LIME,3,17,purpose_A41,-0.14174131931858358,0.14174131931858358,0.0
2,GradientBoosting,LIME,4,1,credit_amount,-0.129774637032821,0.129774637032821,0.6919014886379068
2,GradientBoosting,LIME,5,11,credit_history_A30,0.10551466224513367,0.10551466224513367,0.0
3,GradientBoosting,LIME,1,10,status_checking_account_A14,-0.17053221198141252,0.17053221198141252,0.0
3,GradientBoosting,LIME,2,23,purpose_A46,-0.15386775396670885,0.15386775396670885,1.0
3,GradientBoosting,LIME,3,17,purpose_A41,-0.1472207475682368,0.1472207475682368,0.0
3,GradientBoosting,LIME,4,0,duration_months,0.12890113890100977,0.12890113890100977,-1.2236029017689123
3,GradientBoosting,LIME,5,7,status_checking_account_A11,0.09881194343025579,0.09881194343025579,0.0
4,GradientBoosting,LIME,1,0,duration_months,-0.19548838208129996,0.19548838208129996,1.2266521080032957
4,GradientBoosting,LIME,2,10,status_checking_account_A14,0.1658416253625704,0.1658416253625704,1.0
4,GradientBoosting,LIME,3,17,purpose_A41,-0.15978746276782307,0.15978746276782307,0.0
4,GradientBoosting,LIME,4,23,purpose_A46,0.1560830312585471,0.1560830312585471,0.0
4,GradientBoosting,LIME,5,1,credit_amount,0.11198760315443099,0.11198760315443099,-0.050318172671486694
5,GradientBoosting,LIME,1,23,purpose_A46,0.17802685898666123,0.17802685898666123,0.0
5,GradientBoosting,LIME,2,10,status_checking_account_A14,-0.1643001817105493,0.1643001817105493,0.0
5,GradientBoosting,LIME,3,17,purpose_A41,-0.1421181621547407,0.1421181621547407,0.0
5,GradientBoosting,LIME,4,0,duration_months,0.13312234443385862,0.13312234443385862,-1.2236029017689123
5,GradientBoosting,LIME,5,16,purpose_A40,0.09144922147307427,0.09144922147307427,0.0
6,GradientBoosting,LIME,1,23,purpose_A46,0.17184409995895514,0.17184409995895514,0.0
6,GradientBoosting,LIME,2,10,status_checking_account_A14,-0.16776688211014318,0.16776688211014318,0.0
6,GradientBoosting,LIME,3,17,purpose_A41,-0.1375740579593296,0.1375740579593296,0.0
6,GradientBoosting,LIME,4,1,credit_amount,0.11667782688601425,0.11667782688601425,-0.025613321426745665
6,GradientBoosting,LIME,5,7,status_checking_account_A11,0.09717025507925968,0.09717025507925968,0.0
7,GradientBoosting,LIME,1,23,purpose_A46,0.1922879577066648,0.1922879577066648,0.0
7,GradientBoosting,LIME,2,10,status_checking_account_A14,-0.16326561654325136,0.16326561654325136,0.0
7,GradientBoosting,LIME,3,17,purpose_A41,-0.15512360478881848,0.15512360478881848,0.0
7,GradientBoosting,LIME,4,1,credit_amount,0.11019403020440746,0.11019403020440746,0.1036395959551603
7,GradientBoosting,LIME,5,7,status_checking_account_A11,-0.09472868090434397,0.09472868090434397,1.0
8,GradientBoosting,LIME,1,0,duration_months,-0.20058708371685818,0.20058708371685818,1.2266521080032957
8,GradientBoosting,LIME,2,10,status_checking_account_A14,-0.16336552444919236,0.16336552444919236,0.0
8,GradientBoosting,LIME,3,17,purpose_A41,-0.15600374145091708,0.15600374145091708,0.0
8,GradientBoosting,LIME,4,23,purpose_A46,0.147111524746335,0.147111524746335,0.0
8,GradientBoosting,LIME,5,1,credit_amount,-0.1341191035643982,0.1341191035643982,0.564080736545551
9,GradientBoosting,LIME,1,0,duration_months,-0.2020919110305921,0.2020919110305921,1.961728610934958
9,GradientBoosting,LIME,2,23,purpose_A46,0.17960329039285142,0.17960329039285142,0.0
9,GradientBoosting,LIME,3,17,purpose_A41,-0.16324631273565504,0.16324631273565504,0.0
9,GradientBoosting,LIME,4,10,status_checking_account_A14,-0.16303933728708683,0.16303933728708683,0.0
9,GradientBoosting,LIME,5,1,credit_amount,0.11317993940111916,0.11317993940111916,-0.06750415614608915
10,GradientBoosting,LIME,1,23,purpose_A46,0.17442745666253692,0.17442745666253692,0.0
10,GradientBoosting,LIME,2,10,status_checking_account_A14,0.16179559286363124,0.16179559286363124,1.0
10,GradientBoosting,LIME,3,17,purpose_A41,-0.1506684152652566,0.1506684152652566,0.0
10,GradientBoosting,LIME,4,0,duration_months,0.13669868181648456,0.13669868181648456,-1.2236029017689123
10,GradientBoosting,LIME,5,1,credit_amount,0.12257241412805049,0.12257241412805049,0.10686196785664825
11,GradientBoosting,LIME,1,10,status_checking_account_A14,-0.16603772053837268,0.16603772053837268,0.0
11,GradientBoosting,LIME,2,23,purpose_A46,0.1581366804774649,0.1581366804774649,0.0
11,GradientBoosting,LIME,3,17,purpose_A41,-0.14622339667934503,0.14622339667934503,0.0
11,GradientBoosting,LIME,4,1,credit_amount,0.12079086132673451,0.12079086132673451,0.15770383563568052
11,GradientBoosting,LIME,5,16,purpose_A40,0.10094127026632199,0.10094127026632199,0.0
12,GradientBoosting,LIME,1,10,status_checking_account_A14,0.16804261133468,0.16804261133468,1.0
12,GradientBoosting,LIME,2,23,purpose_A46,0.16243098435501602,0.16243098435501602,0.0
12,GradientBoosting,LIME,3,17,purpose_A41,-0.15204983253313364,0.15204983253313364,0.0
12,GradientBoosting,LIME,4,0,duration_months,0.1364299148677276,0.1364299148677276,-0.7335518998144707
12,GradientBoosting,LIME,5,16,purpose_A40,0.10798554637099385,0.10798554637099385,0.0
13,GradientBoosting,LIME,1,23,purpose_A46,0.1710167304140626,0.1710167304140626,0.0
13,GradientBoosting,LIME,2,17,purpose_A41,-0.17014379905150182,0.17014379905150182,0.0
13,GradientBoosting,LIME,3,10,status_checking_account_A14,0.16445788742191955,0.16445788742191955,1.0
13,GradientBoosting,LIME,4,0,duration_months,0.13500335573290387,0.13500335573290387,-0.7335518998144707
13,GradientBoosting,LIME,5,22,purpose_A45,0.10709962404745971,0.10709962404745971,0.0
14,GradientBoosting,LIME,1,23,purpose_A46,0.1897538574974642,0.1897538574974642,0.0
14,GradientBoosting,LIME,2,10,status_checking_account_A14,-0.16294635267873503,0.16294635267873503,0.0
14,GradientBoosting,LIME,3,17,purpose_A41,-0.15162124156847043,0.15162124156847043,0.0
14,GradientBoosting,LIME,4,16,purpose_A40,-0.10224435054079768,0.10224435054079768,1.0
14,GradientBoosting,LIME,5,7,status_checking_account_A11,0.09583494994192722,0.09583494994192722,0.0
15,GradientBoosting,LIME,1,23,purpose_A46,0.18098597586853324,0.18098597586853324,0.0
15,GradientBoosting,LIME,2,10,status_checking_account_A14,-0.163610260199118,0.163610260199118,0.0
15,GradientBoosting,LIME,3,17,purpose_A41,-0.1460934452388123,0.1460934452388123,0.0
15,GradientBoosting,LIME,4,0,duration_months,0.13558192716548562,0.13558192716548562,-0.7335518998144707
15,GradientBoosting,LIME,5,11,credit_history_A30,0.09944544357635221,0.09944544357635221,0.0
16,GradientBoosting,LIME,1,10,status_checking_account_A14,0.16181036735003076,0.16181036735003076,1.0
16,GradientBoosting,LIME,2,23,purpose_A46,-0.15410355926759758,0.15410355926759758,1.0
16,GradientBoosting,LIME,3,17,purpose_A41,-0.1418090670848651,0.1418090670848651,0.0
16,GradientBoosting,LIME,4,7,status_checking_account_A11,0.10715174296679247,0.10715174296679247,0.0
16,GradientBoosting,LIME,5,16,purpose_A40,0.09958513932467365,0.09958513932467365,0.0
17,GradientBoosting,LIME,1,10,status_checking_account_A14,0.17591988579532605,0.17591988579532605,1.0
17,GradientBoosting,LIME,2,23,purpose_A46,0.1665832543619197,0.1665832543619197,0.0
17,GradientBoosting,LIME,3,17,purpose_A41,-0.15463006988455116,0.15463006988455116,0.0
17,GradientBoosting,LIME,4,0,duration_months,0.14054364339130068,0.14054364339130068,-0.8969022337992846
17,GradientBoosting,LIME,5,16,purpose_A40,-0.10832869183687843,0.10832869183687843,1.0
18,GradientBoosting,LIME,1,10,status_checking_account_A14,0.1633450340316231,0.1633450340316231,1.0
18,GradientBoosting,LIME,2,17,purpose_A41,-0.160964005460052,0.160964005460052,0.0
18,GradientBoosting,LIME,3,23,purpose_A46,0.16040272414596168,0.16040272414596168,0.0
18,GradientBoosting,LIME,4,0,duration_months,0.1305290429582707,0.1305290429582707,-0.9785774007916914
18,GradientBoosting,LIME,5,1,credit_amount,0.11901067411049919,0.11901067411049919,-0.2551178090771659
19,GradientBoosting,LIME,1,23,purpose_A46,0.18310929837091622,0.18310929837091622,0.0
19,GradientBoosting,LIME,2,10,status_checking_account_A14,0.1615756675061985,0.1615756675061985,1.0
19,GradientBoosting,LIME,3,17,purpose_A41,-0.1581866336197847,0.1581866336197847,0.0
19,GradientBoosting,LIME,4,0,duration_months,0.1388122111705278,0.1388122111705278,-0.7335518998144707
19,GradientBoosting,LIME,5,42,other_debtors_guarantors_A103,-0.10935550404216672,0.10935550404216672,0.0
20,GradientBoosting,LIME,1,23,purpose_A46,0.17818810500812515,0.17818810500812515,0.0
20,GradientBoosting,LIME,2,10,status_checking_account_A14,-0.16370348719265987,0.16370348719265987,0.0
20,GradientBoosting,LIME,3,17,purpose_A41,-0.14963139042053486,0.14963139042053486,0.0
20,GradientBoosting,LIME,4,0,duration_months,0.14476010655055413,0.14476010655055413,-0.7335518998144707
20,GradientBoosting,LIME,5,16,purpose_A40,-0.10188102708527473,0.10188102708527473,1.0
21,GradientBoosting,LIME,1,23,purpose_A46,0.18065224540692212,0.18065224540692212,0.0
21,GradientBoosting,LIME,2,10,status_checking_account_A14,-0.16446475327488772,0.16446475327488772,0.0
21,GradientBoosting,LIME,3,17,purpose_A41,0.15717863993049766,0.15717863993049766,1.0
21,GradientBoosting,LIME,4,0,duration_months,0.1394535401107905,0.1394535401107905,-1.2236029017689123
21,GradientBoosting,LIME,5,7,status_checking_account_A11,-0.09426549599572522,0.09426549599572522,1.0
22,GradientBoosting,LIME,1,10,status_checking_account_A14,-0.16462049720662886,0.16462049720662886,0.0
22,GradientBoosting,LIME,2,17,purpose_A41,-0.15922612214441345,0.15922612214441345,0.0
22,GradientBoosting,LIME,3,23,purpose_A46,0.1392413740941907,0.1392413740941907,0.0
22,GradientBoosting,LIME,4,11,credit_history_A30,-0.1048375616481624,0.1048375616481624,1.0
22,GradientBoosting,LIME,5,7,status_checking_account_A11,0.09887137539987277,0.09887137539987277,0.0
23,GradientBoosting,LIME,1,23,purpose_A46,0.16698738425420814,0.16698738425420814,0.0
23,GradientBoosting,LIME,2,10,status_checking_account_A14,0.16197679930049563,0.16197679930049563,1.0
23,GradientBoosting,LIME,3,17,purpose_A41,-0.1539879536841739,0.1539879536841739,0.0
23,GradientBoosting,LIME,4,0,duration_months,0.13271109323838676,0.13271109323838676,-0.9785774007916914
23,GradientBoosting,LIME,5,11,credit_history_A30,0.09301974770172322,0.09301974770172322,0.0
24,GradientBoosting,LIME,1,10,status_checking_account_A14,-0.1628443037192905,0.1628443037192905,0.0
24,GradientBoosting,LIME,2,17,purpose_A41,-0.16025328558638172,0.16025328558638172,0.0
24,GradientBoosting,LIME,3,23,purpose_A46,0.157443999408831,0.157443999408831,0.0
24,GradientBoosting,LIME,4,1,credit_amount,0.12311849050707563,0.12311849050707563,0.19279188522966054
24,GradientBoosting,LIME,5,16,purpose_A40,0.11007481426367699,0.11007481426367699,0.0
25,GradientBoosting,LIME,1,0,duration_months,-0.19484782111234708,0.19484782111234708,1.2266521080032957
25,GradientBoosting,LIME,2,10,status_checking_account_A14,-0.17268736781569283,0.17268736781569283,0.0
25,GradientBoosting,LIME,3,23,purpose_A46,0.1667127209148644,0.1667127209148644,0.0
25,GradientBoosting,LIME,4,17,purpose_A41,-0.15548829606259998,0.15548829606259998,0.0
25,GradientBoosting,LIME,5,1,credit_amount,-0.13141247844252382,0.13141247844252382,1.5082357036815233
26,GradientBoosting,LIME,1,23,purpose_A46,0.17511400728075155,0.17511400728075155,0.0
26,GradientBoosting,LIME,2,17,purpose_A41,-0.16617142505105306,0.16617142505105306,0.0
26,GradientBoosting,LIME,3,10,status_checking_account_A14,0.1559442936552311,0.1559442936552311,1.0
26,GradientBoosting,LIME,4,1,credit_amount,-0.1271359755634232,0.1271359755634232,0.6911854059931317
26,GradientBoosting,LIME,5,16,purpose_A40,0.11129318052188308,0.11129318052188308,0.0
27,GradientBoosting,LIME,1,0,duration_months,-0.19903267850293302,0.19903267850293302,2.2067541119121787
27,GradientBoosting,LIME,2,23,purpose_A46,0.19266259025678986,0.19266259025678986,0.0
27,GradientBoosting,LIME,3,10,status_checking_account_A14,-0.17334206707803873,0.17334206707803873,0.0
27,GradientBoosting,LIME,4,17,purpose_A41,-0.15142154066005675,0.15142154066005675,0.0
27,GradientBoosting,LIME,5,1,credit_amount,-0.1308786638358267,0.1308786638358267,0.773892951464656
28,GradientBoosting,LIME,1,0,duration_months,-0.20925162437060832,0.20925162437060832,2.2067541119121787
28,GradientBoosting,LIME,2,10,status_checking_account_A14,0.16844193384867054,0.16844193384867054,1.0
28,GradientBoosting,LIME,3,23,purpose_A46,0.16637036832499885,0.16637036832499885,0.0
28,GradientBoosting,LIME,4,17,purpose_A41,0.15337663467854315,0.15337663467854315,1.0
28,GradientBoosting,LIME,5,1,credit_amount,-0.13855994236160593,0.13855994236160593,2.996971522168961
29,GradientBoosting,LIME,1,10,status_checking_account_A14,-0.17054754204562764,0.17054754204562764,0.0
29,GradientBoosting,LIME,2,17,purpose_A41,-0.1528865729009311,0.1528865729009311,0.0
29,GradientBoosting,LIME,3,23,purpose_A46,0.14988408372694256,0.14988408372694256,0.0
29,GradientBoosting,LIME,4,0,duration_months,0.13706556183571472,0.13706556183571472,-1.2236029017689123
29,GradientBoosting,LIME,5,46,property_A124,0.10521922160941831,0.10521922160941831,0.0
30,GradientBoosting,LIME,1,23,purpose_A46,0.17218177695564782,0.17218177695564782,0.0
30,GradientBoosting,LIME,2,17,purpose_A41,-0.16740994464352735,0.16740994464352735,0.0
30,GradientBoosting,LIME,3,10,status_checking_account_A14,-0.16202432211402998,0.16202432211402998,0.0
30,GradientBoosting,LIME,4,0,duration_months,0.13181876717145297,0.13181876717145297,-0.9785774007916914
30,GradientBoosting,LIME,5,7,status_checking_account_A11,0.10384162869971701,0.10384162869971701,0.0
31,GradientBoosting,LIME,1,0,duration_months,-0.20988014666723792,0.20988014666723792,1.2266521080032957
31,GradientBoosting,LIME,2,23,purpose_A46,-0.1840532308196876,0.1840532308196876,1.0
31,GradientBoosting,LIME,3,10,status_checking_account_A14,-0.17060877552183362,0.17060877552183362,0.0
31,GradientBoosting,LIME,4,17,purpose_A41,-0.1545200862398755,0.1545200862398755,0.0
31,GradientBoosting,LIME,5,1,credit_amount,0.11450817421395959,0.11450817421395959,0.17596394307744562
32,GradientBoosting,LIME,1,23,purpose_A46,0.17436859036847066,0.17436859036847066,0.0
32,GradientBoosting,LIME,2,10,status_checking_account_A14,-0.1646905442885429,0.1646905442885429,0.0
32,GradientBoosting,LIME,3,17,purpose_A41,-0.1586114887196861,0.1586114887196861,0.0
32,GradientBoosting,LIME,4,0,duration_months,0.13999229440109576,0.13999229440109576,-1.0602525677840984
32,GradientBoosting,LIME,5,16,purpose_A40,0.10124542302088219,0.10124542302088219,0.0
33,GradientBoosting,LIME,1,10,status_checking_account_A14,0.16010703556719216,0.16010703556719216,1.0
33,GradientBoosting,LIME,2,23,purpose_A46,0.1520061508124977,0.1520061508124977,0.0
33,GradientBoosting,LIME,3,17,purpose_A41,-0.13142336080866204,0.13142336080866204,0.0
33,GradientBoosting,LIME,4,16,purpose_A40,0.10752868378674738,0.10752868378674738,0.0
33,GradientBoosting,LIME,5,53,job_A171,0.09126125683438574,0.09126125683438574,0.0
34,GradientBoosting,LIME,1,17,purpose_A41,-0.1645806991105557,0.1645806991105557,0.0
34,GradientBoosting,LIME,2,23,purpose_A46,0.1555586196386539,0.1555586196386539,0.0
34,GradientBoosting,LIME,3,10,status_checking_account_A14,0.15479769409860458,0.15479769409860458,1.0
34,GradientBoosting,LIME,4,1,credit_amount,-0.13097224419392742,0.13097224419392742,1.0205834225896788
34,GradientBoosting,LIME,5,16,purpose_A40,0.1049407377107159,0.1049407377107159,0.0
35,GradientBoosting,LIME,1,23,purpose_A46,0.1589889309343561,0.1589889309343561,0.0
35,GradientBoosting,LIME,2,10,status_checking_account_A14,-0.15207805415150175,0.15207805415150175,0.0
35,GradientBoosting,LIME,3,17,purpose_A41,-0.1511878990950097,0.1511878990950097,0.0
35,GradientBoosting,LIME,4,0,duration_months,0.14016293465824153,0.14016293465824153,-0.7335518998144707
35,GradientBoosting,LIME,5,22,purpose_A45,0.10651294591644485,0.10651294591644485,0.0
36,GradientBoosting,LIME,1,23,purpose_A46,0.16724344440581373,0.16724344440581373,0.0
36,GradientBoosting,LIME,2,10,status_checking_account_A14,0.16266163415218748,0.16266163415218748,1.0
36,GradientBoosting,LIME,3,17,purpose_A41,0.1364659587002551,0.1364659587002551,1.0
36,GradientBoosting,LIME,4,1,credit_amount,0.11973371319400745,0.11973371319400745,-0.31276246198156166
36,GradientBoosting,LIME,5,16,purpose_A40,0.11059213023567521,0.11059213023567521,0.0
37,GradientBoosting,LIME,1,23,purpose_A46,0.17868482339387146,0.17868482339387146,0.0
37,GradientBoosting,LIME,2,10,status_checking_account_A14,-0.16250495226698936,0.16250495226698936,0.0
37,GradientBoosting,LIME,3,17,purpose_A41,-0.14743015570710977,0.14743015570710977,0.0
37,GradientBoosting,LIME,4,1,credit_amount,0.11912689442931422,0.11912689442931422,-0.0209587842357075
37,GradientBoosting,LIME,5,16,purpose_A40,0.0935739601950309,0.0935739601950309,0.0
38,GradientBoosting,LIME,1,23,purpose_A46,0.18748928808699075,0.18748928808699075,0.0
38,GradientBoosting,LIME,2,10,status_checking_account_A14,-0.17120706811952932,0.17120706811952932,0.0
38,GradientBoosting,LIME,3,17,purpose_A41,-0.14350464516424744,0.14350464516424744,0.0
38,GradientBoosting,LIME,4,0,duration_months,0.13589931857611778,0.13589931857611778,-0.7335518998144707
38,GradientBoosting,LIME,5,1,credit_amount,0.11824123949036966,0.11824123949036966,0.12655424058796358
39,GradientBoosting,LIME,1,0,duration_months,-0.19332716859039667,0.19332716859039667,1.2266521080032957
39,GradientBoosting,LIME,2,10,status_checking_account_A14,-0.1666805311441048,0.1666805311441048,0.0
39,GradientBoosting,LIME,3,23,purpose_A46,0.16398419212518264,0.16398419212518264,0.0
39,GradientBoosting,LIME,4,17,purpose_A41,-0.15037027997144808,0.15037027997144808,0.0
39,GradientBoosting,LIME,5,1,credit_amount,-0.14330756267406822,0.14330756267406822,1.0775119928492993
40,GradientBoosting,LIME,1,23,purpose_A46,0.18811907370069827,0.18811907370069827,0.0
40,GradientBoosting,LIME,2,10,status_checking_account_A14,0.15427080372776386,0.15427080372776386,1.0
40,GradientBoosting,LIME,3,17,purpose_A41,-0.1415566630449666,0.1415566630449666,0.0
40,GradientBoosting,LIME,4,1,credit_amount,0.12705081148795724,0.12705081148795724,-0.13768025533404918
40,GradientBoosting,LIME,5,16,purpose_A40,0.09641145011806411,0.09641145011806411,0.0
41,GradientBoosting,LIME,1,10,status_checking_account_A14,0.16854980989212165,0.16854980989212165,1.0
41,GradientBoosting,LIME,2,23,purpose_A46,0.16564580544505283,0.16564580544505283,0.0
41,GradientBoosting,LIME,3,17,purpose_A41,-0.14429449192503174,0.14429449192503174,0.0
41,GradientBoosting,LIME,4,0,duration_months,0.1375498367449913,0.1375498367449913,-0.7335518998144707
41,GradientBoosting,LIME,5,1,credit_amount,0.11362649599832052,0.11362649599832052,-0.051034255316261795
42,GradientBoosting,LIME,1,10,status_checking_account_A14,-0.16352335226740855,0.16352335226740855,0.0
42,GradientBoosting,LIME,2,23,purpose_A46,0.16332186169060642,0.16332186169060642,0.0
42,GradientBoosting,LIME,3,17,purpose_A41,-0.14827947546371947,0.14827947546371947,0.0
42,GradientBoosting,LIME,4,0,duration_months,0.13636300159534187,0.13636300159534187,-0.9785774007916914
42,GradientBoosting,LIME,5,1,credit_amount,0.11549264274694378,0.11549264274694378,-0.150569742940001
43,GradientBoosting,LIME,1,10,status_checking_account_A14,-0.1609345209222691,0.1609345209222691,0.0
43,GradientBoosting,LIME,2,17,purpose_A41,-0.15514639086604287,0.15514639086604287,0.0
43,GradientBoosting,LIME,3,23,purpose_A46,0.1489685889168407,0.1489685889168407,0.0
43,GradientBoosting,LIME,4,7,status_checking_account_A11,-0.10261286259833406,0.10261286259833406,1.0
43,GradientBoosting,LIME,5,16,purpose_A40,0.09613142805500091,0.09613142805500091,0.0
44,GradientBoosting,LIME,1,17,purpose_A41,-0.1647751958441499,0.1647751958441499,0.0
44,GradientBoosting,LIME,2,10,status_checking_account_A14,-0.16419334574727795,0.16419334574727795,0.0
44,GradientBoosting,LIME,3,0,duration_months,0.13320604893994056,0.13320604893994056,-0.7335518998144707
44,GradientBoosting,LIME,4,23,purpose_A46,0.13143274249116538,0.13143274249116538,0.0
44,GradientBoosting,LIME,5,12,credit_history_A31,0.1018778345852845,0.1018778345852845,0.0
45,GradientBoosting,LIME,1,23,purpose_A46,0.1874427549461546,0.1874427549461546,0.0
45,GradientBoosting,LIME,2,10,status_checking_account_A14,-0.16414947825721712,0.16414947825721712,0.0
45,GradientBoosting,LIME,3,17,purpose_A41,0.1506890826509301,0.1506890826509301,1.0
45,GradientBoosting,LIME,4,0,duration_months,0.13370536220105564,0.13370536220105564,-0.9785774007916914
45,GradientBoosting,LIME,5,1,credit_amount,-0.12893361796456995,0.12893361796456995,0.6836665382229932
46,GradientBoosting,LIME,1,23,purpose_A46,0.1737776034660884,0.1737776034660884,0.0
46,GradientBoosting,LIME,2,10,status_checking_account_A14,-0.16244553734733838,0.16244553734733838,0.0
46,GradientBoosting,LIME,3,17,purpose_A41,-0.15320084528726097,0.15320084528726097,0.0
46,GradientBoosting,LIME,4,7,status_checking_account_A11,0.10040234857192344,0.10040234857192344,0.0
46,GradientBoosting,LIME,5,16,purpose_A40,0.09711706997188307,0.09711706997188307,0.0
47,GradientBoosting,LIME,1,10,status_checking_account_A14,-0.16290034880075213,0.16290034880075213,0.0
47,GradientBoosting,LIME,2,17,purpose_A41,-0.15677184542929726,0.15677184542929726,0.0
47,GradientBoosting,LIME,3,23,purpose_A46,0.13039501801682268,0.13039501801682268,0.0
47,GradientBoosting,LIME,4,7,status_checking_account_A11,-0.096911230297486,0.096911230297486,1.0
47,GradientBoosting,LIME,5,16,purpose_A40,-0.091542236160102,0.091542236160102,1.0
48,GradientBoosting,LIME,1,10,status_checking_account_A14,-0.16734808016937652,0.16734808016937652,0.0
48,GradientBoosting,LIME,2,23,purpose_A46,0.16252395615058732,0.16252395615058732,0.0
48,GradientBoosting,LIME,3,17,purpose_A41,-0.1473036997766812,0.1473036997766812,0.0
48,GradientBoosting,LIME,4,0,duration_months,0.13655088095221238,0.13655088095221238,-0.7335518998144707
48,GradientBoosting,LIME,5,22,purpose_A45,0.10857558934367574,0.10857558934367574,0.0
49,GradientBoosting,LIME,1,23,purpose_A46,0.1830506103256239,0.1830506103256239,0.0
49,GradientBoosting,LIME,2,10,status_checking_account_A14,-0.1715012288043186,0.1715012288043186,0.0
49,GradientBoosting,LIME,3,17,purpose_A41,-0.1450622474892754,0.1450622474892754,0.0
49,GradientBoosting,LIME,4,1,credit_amount,-0.12457204340903374,0.12457204340903374,1.1247734474044562
49,GradientBoosting,LIME,5,16,purpose_A40,0.09971588780250663,0.09971588780250663,0.0
0,MLP_DNN,LIME,1,17,purpose_A41,-0.17405065866228142,0.17405065866228142,0.0
0,MLP_DNN,LIME,2,60,foreign_worker_A202,-0.13878126922129652,0.13878126922129652,0.0
0,MLP_DNN,LIME,3,15,credit_history_A34,-0.1284770438641881,0.1284770438641881,0.0
0,MLP_DNN,LIME,4,23,purpose_A46,0.12627621897430255,0.12627621897430255,0.0
0,MLP_DNN,LIME,5,10,status_checking_account_A14,-0.12358712639202926,0.12358712639202926,0.0
1,MLP_DNN,LIME,1,17,purpose_A41,-0.16829838980388642,0.16829838980388642,0.0
1,MLP_DNN,LIME,2,10,status_checking_account_A14,-0.13388852322644887,0.13388852322644887,0.0
1,MLP_DNN,LIME,3,60,foreign_worker_A202,-0.12693155935760916,0.12693155935760916,0.0
1,MLP_DNN,LIME,4,23,purpose_A46,0.12623034513602566,0.12623034513602566,0.0
1,MLP_DNN,LIME,5,15,credit_history_A34,0.12446116436103365,0.12446116436103365,1.0
2,MLP_DNN,LIME,1,17,purpose_A41,-0.1678663634507904,0.1678663634507904,0.0
2,MLP_DNN,LIME,2,60,foreign_worker_A202,-0.13405557020021122,0.13405557020021122,0.0
2,MLP_DNN,LIME,3,10,status_checking_account_A14,-0.1293461659526276,0.1293461659526276,0.0
2,MLP_DNN,LIME,4,15,credit_history_A34,-0.12512823765404998,0.12512823765404998,0.0
2,MLP_DNN,LIME,5,23,purpose_A46,0.12346035863631162,0.12346035863631162,0.0
3,MLP_DNN,LIME,1,17,purpose_A41,-0.17434071868882423,0.17434071868882423,0.0
3,MLP_DNN,LIME,2,16,purpose_A40,0.13508276484778473,0.13508276484778473,0.0
3,MLP_DNN,LIME,3,15,credit_history_A34,-0.12910315955317728,0.12910315955317728,0.0
3,MLP_DNN,LIME,4,10,status_checking_account_A14,-0.12909753344817768,0.12909753344817768,0.0
3,MLP_DNN,LIME,5,0,duration_months,0.12825119185702247,0.12825119185702247,-1.2236029017689123
4,MLP_DNN,LIME,1,0,duration_months,-0.18036810737510325,0.18036810737510325,1.2266521080032957
4,MLP_DNN,LIME,2,17,purpose_A41,-0.1726243602316375,0.1726243602316375,0.0
4,MLP_DNN,LIME,3,23,purpose_A46,0.14060758483939492,0.14060758483939492,0.0
4,MLP_DNN,LIME,4,15,credit_history_A34,-0.13395830198115108,0.13395830198115108,0.0
4,MLP_DNN,LIME,5,10,status_checking_account_A14,0.12828552299403598,0.12828552299403598,1.0
5,MLP_DNN,LIME,1,17,purpose_A41,-0.17512312584666442,0.17512312584666442,0.0
5,MLP_DNN,LIME,2,15,credit_history_A34,-0.12973824632485656,0.12973824632485656,0.0
5,MLP_DNN,LIME,3,60,foreign_worker_A202,-0.12895806167511698,0.12895806167511698,0.0
5,MLP_DNN,LIME,4,16,purpose_A40,0.12797093007685661,0.12797093007685661,0.0
5,MLP_DNN,LIME,5,10,status_checking_account_A14,-0.1264413742786528,0.1264413742786528,0.0
6,MLP_DNN,LIME,1,17,purpose_A41,-0.1670079814545909,0.1670079814545909,0.0
6,MLP_DNN,LIME,2,10,status_checking_account_A14,-0.1318541450548828,0.1318541450548828,0.0
6,MLP_DNN,LIME,3,23,purpose_A46,0.1312478442779579,0.1312478442779579,0.0
6,MLP_DNN,LIME,4,15,credit_history_A34,0.12966986153075238,0.12966986153075238,1.0
6,MLP_DNN,LIME,5,16,purpose_A40,0.12365414391355582,0.12365414391355582,0.0
7,MLP_DNN,LIME,1,17,purpose_A41,-0.1799232518137842,0.1799232518137842,0.0
7,MLP_DNN,LIME,2,23,purpose_A46,0.13761319142716252,0.13761319142716252,0.0
7,MLP_DNN,LIME,3,60,foreign_worker_A202,-0.13449693445365138,0.13449693445365138,0.0
7,MLP_DNN,LIME,4,10,status_checking_account_A14,-0.13406616975630747,0.13406616975630747,0.0
7,MLP_DNN,LIME,5,15,credit_history_A34,-0.12648485319312194,0.12648485319312194,0.0
8,MLP_DNN,LIME,1,0,duration_months,-0.18205858271818404,0.18205858271818404,1.2266521080032957
8,MLP_DNN,LIME,2,17,purpose_A41,-0.1733098631684557,0.1733098631684557,0.0
8,MLP_DNN,LIME,3,60,foreign_worker_A202,-0.1384766327600582,0.1384766327600582,0.0
8,MLP_DNN,LIME,4,10,status_checking_account_A14,-0.12733157343484724,0.12733157343484724,0.0
8,MLP_DNN,LIME,5,23,purpose_A46,0.12457095206187699,0.12457095206187699,0.0
9,MLP_DNN,LIME,1,0,duration_months,-0.17661443230536616,0.17661443230536616,1.961728610934958
9,MLP_DNN,LIME,2,17,purpose_A41,-0.16455828937719674,0.16455828937719674,0.0
9,MLP_DNN,LIME,3,60,foreign_worker_A202,-0.1348583729519365,0.1348583729519365,0.0
9,MLP_DNN,LIME,4,23,purpose_A46,0.1293076330984059,0.1293076330984059,0.0
9,MLP_DNN,LIME,5,15,credit_history_A34,-0.12809911048727216,0.12809911048727216,0.0
10,MLP_DNN,LIME,1,17,purpose_A41,-0.17135576544462636,0.17135576544462636,0.0
10,MLP_DNN,LIME,2,60,foreign_worker_A202,-0.13645803972613157,0.13645803972613157,0.0
10,MLP_DNN,LIME,3,16,purpose_A40,-0.13146337242648823,0.13146337242648823,1.0
10,MLP_DNN,LIME,4,10,status_checking_account_A14,0.13084792345327445,0.13084792345327445,1.0
10,MLP_DNN,LIME,5,23,purpose_A46,0.12903343363320552,0.12903343363320552,0.0
11,MLP_DNN,LIME,1,17,purpose_A41,-0.17254501176178857,0.17254501176178857,0.0
11,MLP_DNN,LIME,2,60,foreign_worker_A202,-0.13644981864866432,0.13644981864866432,0.0
11,MLP_DNN,LIME,3,23,purpose_A46,0.13518370214810607,0.13518370214810607,0.0
11,MLP_DNN,LIME,4,15,credit_history_A34,-0.1327509359505764,0.1327509359505764,0.0
11,MLP_DNN,LIME,5,16,purpose_A40,0.12749093940091466,0.12749093940091466,0.0
12,MLP_DNN,LIME,1,17,purpose_A41,-0.169774925744944,0.169774925744944,0.0
12,MLP_DNN,LIME,2,60,foreign_worker_A202,-0.1426492154170287,0.1426492154170287,0.0
12,MLP_DNN,LIME,3,23,purpose_A46,0.13666877928314441,0.13666877928314441,0.0
12,MLP_DNN,LIME,4,15,credit_history_A34,-0.1350675180961887,0.1350675180961887,0.0
12,MLP_DNN,LIME,5,10,status_checking_account_A14,0.13172918888675633,0.13172918888675633,1.0
13,MLP_DNN,LIME,1,17,purpose_A41,-0.17388225953416617,0.17388225953416617,0.0
13,MLP_DNN,LIME,2,60,foreign_worker_A202,0.1431282179766477,0.1431282179766477,1.0
13,MLP_DNN,LIME,3,10,status_checking_account_A14,0.13614700965311402,0.13614700965311402,1.0
13,MLP_DNN,LIME,4,15,credit_history_A34,0.12582372100026312,0.12582372100026312,1.0
13,MLP_DNN,LIME,5,23,purpose_A46,0.12190367797169255,0.12190367797169255,0.0
14,MLP_DNN,LIME,1,17,purpose_A41,-0.1618127812409117,0.1618127812409117,0.0
14,MLP_DNN,LIME,2,60,foreign_worker_A202,-0.14756440136644552,0.14756440136644552,0.0
14,MLP_DNN,LIME,3,10,status_checking_account_A14,-0.13623577259156508,0.13623577259156508,0.0
14,MLP_DNN,LIME,4,23,purpose_A46,0.12568882148186322,0.12568882148186322,0.0
14,MLP_DNN,LIME,5,15,credit_history_A34,0.12370466476036922,0.12370466476036922,1.0
15,MLP_DNN,LIME,1,17,purpose_A41,-0.15895227210833177,0.15895227210833177,0.0
15,MLP_DNN,LIME,2,10,status_checking_account_A14,-0.13318220057558575,0.13318220057558575,0.0
15,MLP_DNN,LIME,3,23,purpose_A46,0.13150351135665303,0.13150351135665303,0.0
15,MLP_DNN,LIME,4,60,foreign_worker_A202,-0.13111509729820642,0.13111509729820642,0.0
15,MLP_DNN,LIME,5,16,purpose_A40,0.12558180269411265,0.12558180269411265,0.0
16,MLP_DNN,LIME,1,17,purpose_A41,-0.16152908373657737,0.16152908373657737,0.0
16,MLP_DNN,LIME,2,60,foreign_worker_A202,-0.13570985819939055,0.13570985819939055,0.0
16,MLP_DNN,LIME,3,10,status_checking_account_A14,0.13544729303704278,0.13544729303704278,1.0
16,MLP_DNN,LIME,4,23,purpose_A46,-0.13067839767613254,0.13067839767613254,1.0
16,MLP_DNN,LIME,5,15,credit_history_A34,0.1284479798751674,0.1284479798751674,1.0
17,MLP_DNN,LIME,1,17,purpose_A41,-0.16385187572952062,0.16385187572952062,0.0
17,MLP_DNN,LIME,2,23,purpose_A46,0.14805014992283497,0.14805014992283497,0.0
17,MLP_DNN,LIME,3,60,foreign_worker_A202,-0.13452312206573633,0.13452312206573633,0.0
17,MLP_DNN,LIME,4,10,status_checking_account_A14,0.13161637915310176,0.13161637915310176,1.0
17,MLP_DNN,LIME,5,15,credit_history_A34,-0.12554855017041835,0.12554855017041835,0.0
18,MLP_DNN,LIME,1,17,purpose_A41,-0.16896381310930253,0.16896381310930253,0.0
18,MLP_DNN,LIME,2,23,purpose_A46,0.14541375024371847,0.14541375024371847,0.0
18,MLP_DNN,LIME,3,10,status_checking_account_A14,0.13411259707610024,0.13411259707610024,1.0
18,MLP_DNN,LIME,4,60,foreign_worker_A202,-0.13322572097845523,0.13322572097845523,0.0
18,MLP_DNN,LIME,5,15,credit_history_A34,-0.12764796976846984,0.12764796976846984,0.0
19,MLP_DNN,LIME,1,17,purpose_A41,-0.17464927030588082,0.17464927030588082,0.0
19,MLP_DNN,LIME,2,23,purpose_A46,0.138829125901033,0.138829125901033,0.0
19,MLP_DNN,LIME,3,60,foreign_worker_A202,-0.13730615982637323,0.13730615982637323,0.0
19,MLP_DNN,LIME,4,10,status_checking_account_A14,0.1352207693989835,0.1352207693989835,1.0
19,MLP_DNN,LIME,5,15,credit_history_A34,-0.13088590087531576,0.13088590087531576,0.0
20,MLP_DNN,LIME,1,17,purpose_A41,-0.17429249399095526,0.17429249399095526,0.0
20,MLP_DNN,LIME,2,10,status_checking_account_A14,-0.13668222529344107,0.13668222529344107,0.0
20,MLP_DNN,LIME,3,60,foreign_worker_A202,-0.13598953241913567,0.13598953241913567,0.0
20,MLP_DNN,LIME,4,15,credit_history_A34,0.1352347811761678,0.1352347811761678,1.0
20,MLP_DNN,LIME,5,23,purpose_A46,0.12875843268301168,0.12875843268301168,0.0
21,MLP_DNN,LIME,1,17,purpose_A41,0.17578030890238797,0.17578030890238797,1.0
21,MLP_DNN,LIME,2,60,foreign_worker_A202,-0.14291380007201973,0.14291380007201973,0.0
21,MLP_DNN,LIME,3,10,status_checking_account_A14,-0.13323092397791292,0.13323092397791292,0.0
21,MLP_DNN,LIME,4,15,credit_history_A34,-0.12849260382804267,0.12849260382804267,0.0
21,MLP_DNN,LIME,5,23,purpose_A46,0.12511341722820188,0.12511341722820188,0.0
22,MLP_DNN,LIME,1,17,purpose_A41,-0.17531028752638916,0.17531028752638916,0.0
22,MLP_DNN,LIME,2,23,purpose_A46,0.14404693763517704,0.14404693763517704,0.0
22,MLP_DNN,LIME,3,60,foreign_worker_A202,-0.13997758767485435,0.13997758767485435,0.0
22,MLP_DNN,LIME,4,10,status_checking_account_A14,-0.13273207457125455,0.13273207457125455,0.0
22,MLP_DNN,LIME,5,16,purpose_A40,-0.12659388793331106,0.12659388793331106,1.0
23,MLP_DNN,LIME,1,17,purpose_A41,-0.1682671037635479,0.1682671037635479,0.0
23,MLP_DNN,LIME,2,60,foreign_worker_A202,-0.14750161502110223,0.14750161502110223,0.0
23,MLP_DNN,LIME,3,15,credit_history_A34,-0.13072974953408123,0.13072974953408123,0.0
23,MLP_DNN,LIME,4,23,purpose_A46,0.12703259694372354,0.12703259694372354,0.0
23,MLP_DNN,LIME,5,10,status_checking_account_A14,0.12682588359276972,0.12682588359276972,1.0
24,MLP_DNN,LIME,1,17,purpose_A41,-0.16528559440569068,0.16528559440569068,0.0
24,MLP_DNN,LIME,2,23,purpose_A46,0.15316796747868186,0.15316796747868186,0.0
24,MLP_DNN,LIME,3,60,foreign_worker_A202,-0.1387464928278001,0.1387464928278001,0.0
24,MLP_DNN,LIME,4,10,status_checking_account_A14,-0.13241606289868796,0.13241606289868796,0.0
24,MLP_DNN,LIME,5,15,credit_history_A34,-0.12744326688110597,0.12744326688110597,0.0
25,MLP_DNN,LIME,1,0,duration_months,-0.1799796563566059,0.1799796563566059,1.2266521080032957
25,MLP_DNN,LIME,2,17,purpose_A41,-0.16914759220936798,0.16914759220936798,0.0
25,MLP_DNN,LIME,3,23,purpose_A46,0.1454935186916791,0.1454935186916791,0.0
25,MLP_DNN,LIME,4,16,purpose_A40,-0.13052926990432345,0.13052926990432345,1.0
25,MLP_DNN,LIME,5,15,credit_history_A34,-0.12804784010587278,0.12804784010587278,0.0
26,MLP_DNN,LIME,1,17,purpose_A41,-0.17513160392230231,0.17513160392230231,0.0
26,MLP_DNN,LIME,2,23,purpose_A46,0.1582107433856084,0.1582107433856084,0.0
26,MLP_DNN,LIME,3,10,status_checking_account_A14,0.12710196461143072,0.12710196461143072,1.0
26,MLP_DNN,LIME,4,15,credit_history_A34,0.1263316851942807,0.1263316851942807,1.0
26,MLP_DNN,LIME,5,60,foreign_worker_A202,-0.12607057009117692,0.12607057009117692,0.0
27,MLP_DNN,LIME,1,0,duration_months,-0.18322047986681414,0.18322047986681414,2.2067541119121787
27,MLP_DNN,LIME,2,17,purpose_A41,-0.17007104050019897,0.17007104050019897,0.0
27,MLP_DNN,LIME,3,10,status_checking_account_A14,-0.12664756630699128,0.12664756630699128,0.0
27,MLP_DNN,LIME,4,23,purpose_A46,0.12399404496769736,0.12399404496769736,0.0
27,MLP_DNN,LIME,5,60,foreign_worker_A202,-0.12368648027528358,0.12368648027528358,0.0
28,MLP_DNN,LIME,1,0,duration_months,-0.18464891470379846,0.18464891470379846,2.2067541119121787
28,MLP_DNN,LIME,2,17,purpose_A41,0.1704915086126714,0.1704915086126714,1.0
28,MLP_DNN,LIME,3,60,foreign_worker_A202,-0.14398289174469497,0.14398289174469497,0.0
28,MLP_DNN,LIME,4,23,purpose_A46,0.13697573218579032,0.13697573218579032,0.0
28,MLP_DNN,LIME,5,15,credit_history_A34,0.1277256306897684,0.1277256306897684,1.0
29,MLP_DNN,LIME,1,17,purpose_A41,-0.17221241033572093,0.17221241033572093,0.0
29,MLP_DNN,LIME,2,15,credit_history_A34,-0.13395219357371482,0.13395219357371482,0.0
29,MLP_DNN,LIME,3,23,purpose_A46,0.13084041059628246,0.13084041059628246,0.0
29,MLP_DNN,LIME,4,60,foreign_worker_A202,-0.130803778303995,0.130803778303995,0.0
29,MLP_DNN,LIME,5,10,status_checking_account_A14,-0.12349549130518163,0.12349549130518163,0.0
30,MLP_DNN,LIME,1,17,purpose_A41,-0.16403023626303176,0.16403023626303176,0.0
30,MLP_DNN,LIME,2,60,foreign_worker_A202,-0.15064928501218125,0.15064928501218125,0.0
30,MLP_DNN,LIME,3,23,purpose_A46,0.14558161953763823,0.14558161953763823,0.0
30,MLP_DNN,LIME,4,10,status_checking_account_A14,-0.1285268424626227,0.1285268424626227,0.0
30,MLP_DNN,LIME,5,15,credit_history_A34,-0.12606081730897278,0.12606081730897278,0.0
31,MLP_DNN,LIME,1,0,duration_months,-0.18304014277303596,0.18304014277303596,1.2266521080032957
31,MLP_DNN,LIME,2,17,purpose_A41,-0.17881922637310926,0.17881922637310926,0.0
31,MLP_DNN,LIME,3,60,foreign_worker_A202,-0.13486865509322196,0.13486865509322196,0.0
31,MLP_DNN,LIME,4,10,status_checking_account_A14,-0.13163189005483023,0.13163189005483023,0.0
31,MLP_DNN,LIME,5,23,purpose_A46,-0.12675340545648928,0.12675340545648928,1.0
32,MLP_DNN,LIME,1,17,purpose_A41,-0.1617464817412994,0.1617464817412994,0.0
32,MLP_DNN,LIME,2,60,foreign_worker_A202,-0.13131239479769985,0.13131239479769985,0.0
32,MLP_DNN,LIME,3,10,status_checking_account_A14,-0.1306593960174595,0.1306593960174595,0.0
32,MLP_DNN,LIME,4,16,purpose_A40,0.12970860439083506,0.12970860439083506,0.0
32,MLP_DNN,LIME,5,23,purpose_A46,0.12718235207767076,0.12718235207767076,0.0
33,MLP_DNN,LIME,1,17,purpose_A41,-0.17481462201389153,0.17481462201389153,0.0
33,MLP_DNN,LIME,2,60,foreign_worker_A202,-0.14991795602370672,0.14991795602370672,0.0
33,MLP_DNN,LIME,3,15,credit_history_A34,-0.12873095869650464,0.12873095869650464,0.0
33,MLP_DNN,LIME,4,10,status_checking_account_A14,0.12643679543543948,0.12643679543543948,1.0
33,MLP_DNN,LIME,5,16,purpose_A40,0.1259320737610097,0.1259320737610097,0.0
34,MLP_DNN,LIME,1,17,purpose_A41,-0.16686181721298207,0.16686181721298207,0.0
34,MLP_DNN,LIME,2,23,purpose_A46,0.14743311950985225,0.14743311950985225,0.0
34,MLP_DNN,LIME,3,15,credit_history_A34,0.12813679899930577,0.12813679899930577,1.0
34,MLP_DNN,LIME,4,60,foreign_worker_A202,-0.1257847870703478,0.1257847870703478,0.0
34,MLP_DNN,LIME,5,10,status_checking_account_A14,0.12425945227167925,0.12425945227167925,1.0
35,MLP_DNN,LIME,1,17,purpose_A41,-0.16955543221512967,0.16955543221512967,0.0
35,MLP_DNN,LIME,2,23,purpose_A46,0.14269827890851017,0.14269827890851017,0.0
35,MLP_DNN,LIME,3,60,foreign_worker_A202,-0.13680265921060733,0.13680265921060733,0.0
35,MLP_DNN,LIME,4,15,credit_history_A34,0.130937119821365,0.130937119821365,1.0
35,MLP_DNN,LIME,5,10,status_checking_account_A14,-0.12782644312390848,0.12782644312390848,0.0
36,MLP_DNN,LIME,1,17,purpose_A41,0.17689086366450266,0.17689086366450266,1.0
36,MLP_DNN,LIME,2,60,foreign_worker_A202,-0.14241645944648273,0.14241645944648273,0.0
36,MLP_DNN,LIME,3,23,purpose_A46,0.13964905676521444,0.13964905676521444,0.0
36,MLP_DNN,LIME,4,10,status_checking_account_A14,0.130894266638952,0.130894266638952,1.0
36,MLP_DNN,LIME,5,15,credit_history_A34,0.12886635652093772,0.12886635652093772,1.0
37,MLP_DNN,LIME,1,17,purpose_A41,-0.17330662349234155,0.17330662349234155,0.0
37,MLP_DNN,LIME,2,60,foreign_worker_A202,-0.1478214650289008,0.1478214650289008,0.0
37,MLP_DNN,LIME,3,23,purpose_A46,0.13425000524692252,0.13425000524692252,0.0
37,MLP_DNN,LIME,4,15,credit_history_A34,-0.12834871418651522,0.12834871418651522,0.0
37,MLP_DNN,LIME,5,10,status_checking_account_A14,-0.12715320100295796,0.12715320100295796,0.0
38,MLP_DNN,LIME,1,17,purpose_A41,-0.18654771728520403,0.18654771728520403,0.0
38,MLP_DNN,LIME,2,60,foreign_worker_A202,-0.14736224971225625,0.14736224971225625,0.0
38,MLP_DNN,LIME,3,23,purpose_A46,0.13184664916115207,0.13184664916115207,0.0
38,MLP_DNN,LIME,4,10,status_checking_account_A14,-0.13026355468910394,0.13026355468910394,0.0
38,MLP_DNN,LIME,5,16,purpose_A40,0.12995002735438893,0.12995002735438893,0.0
39,MLP_DNN,LIME,1,0,duration_months,-0.18546625289184662,0.18546625289184662,1.2266521080032957
39,MLP_DNN,LIME,2,17,purpose_A41,-0.16870925925205363,0.16870925925205363,0.0
39,MLP_DNN,LIME,3,23,purpose_A46,0.13987832018928736,0.13987832018928736,0.0
39,MLP_DNN,LIME,4,60,foreign_worker_A202,-0.13064802441684636,0.13064802441684636,0.0
39,MLP_DNN,LIME,5,10,status_checking_account_A14,-0.128436850083038,0.128436850083038,0.0
40,MLP_DNN,LIME,1,17,purpose_A41,-0.17343561491347,0.17343561491347,0.0
40,MLP_DNN,LIME,2,23,purpose_A46,0.14015280582584067,0.14015280582584067,0.0
40,MLP_DNN,LIME,3,15,credit_history_A34,-0.1295941464664383,0.1295941464664383,0.0
40,MLP_DNN,LIME,4,10,status_checking_account_A14,0.12316369903733007,0.12316369903733007,1.0
40,MLP_DNN,LIME,5,16,purpose_A40,0.11936217763780103,0.11936217763780103,0.0
41,MLP_DNN,LIME,1,17,purpose_A41,-0.15804414315333126,0.15804414315333126,0.0
41,MLP_DNN,LIME,2,60,foreign_worker_A202,-0.1392080386015544,0.1392080386015544,0.0
41,MLP_DNN,LIME,3,23,purpose_A46,0.13097482158886545,0.13097482158886545,0.0
41,MLP_DNN,LIME,4,15,credit_history_A34,-0.13003459593627328,0.13003459593627328,0.0
41,MLP_DNN,LIME,5,10,status_checking_account_A14,0.12324958468988285,0.12324958468988285,1.0
42,MLP_DNN,LIME,1,17,purpose_A41,-0.18017663239721712,0.18017663239721712,0.0
42,MLP_DNN,LIME,2,15,credit_history_A34,0.1293258144729781,0.1293258144729781,1.0
42,MLP_DNN,LIME,3,10,status_checking_account_A14,-0.12797557064532863,0.12797557064532863,0.0
42,MLP_DNN,LIME,4,60,foreign_worker_A202,-0.12631877983103373,0.12631877983103373,0.0
42,MLP_DNN,LIME,5,16,purpose_A40,-0.12062784560634905,0.12062784560634905,1.0
43,MLP_DNN,LIME,1,17,purpose_A41,-0.1759275198072896,0.1759275198072896,0.0
43,MLP_DNN,LIME,2,60,foreign_worker_A202,-0.13361249052709823,0.13361249052709823,0.0
43,MLP_DNN,LIME,3,23,purpose_A46,0.13304878299921177,0.13304878299921177,0.0
43,MLP_DNN,LIME,4,10,status_checking_account_A14,-0.1325549311766208,0.1325549311766208,0.0
43,MLP_DNN,LIME,5,15,credit_history_A34,-0.12566313699507697,0.12566313699507697,0.0
44,MLP_DNN,LIME,1,17,purpose_A41,-0.17221782869710567,0.17221782869710567,0.0
44,MLP_DNN,LIME,2,60,foreign_worker_A202,-0.1461035186970038,0.1461035186970038,0.0
44,MLP_DNN,LIME,3,23,purpose_A46,0.13513081646514488,0.13513081646514488,0.0
44,MLP_DNN,LIME,4,15,credit_history_A34,-0.13399901728405533,0.13399901728405533,0.0
44,MLP_DNN,LIME,5,10,status_checking_account_A14,-0.12314670217023896,0.12314670217023896,0.0
45,MLP_DNN,LIME,1,17,purpose_A41,0.1750531064518784,0.1750531064518784,1.0
45,MLP_DNN,LIME,2,23,purpose_A46,0.14766702064930065,0.14766702064930065,0.0
45,MLP_DNN,LIME,3,60,foreign_worker_A202,-0.14400248919079986,0.14400248919079986,0.0
45,MLP_DNN,LIME,4,15,credit_history_A34,-0.1264911411844587,0.1264911411844587,0.0
45,MLP_DNN,LIME,5,10,status_checking_account_A14,-0.12497676467850306,0.12497676467850306,0.0
46,MLP_DNN,LIME,1,17,purpose_A41,-0.16063683367696566,0.16063683367696566,0.0
46,MLP_DNN,LIME,2,23,purpose_A46,0.13321139360386303,0.13321139360386303,0.0
46,MLP_DNN,LIME,3,15,credit_history_A34,0.1305080124780553,0.1305080124780553,1.0
46,MLP_DNN,LIME,4,10,status_checking_account_A14,-0.13003244709767953,0.13003244709767953,0.0
46,MLP_DNN,LIME,5,60,foreign_worker_A202,-0.12607640658879762,0.12607640658879762,0.0
47,MLP_DNN,LIME,1,17,purpose_A41,-0.1738588019110131,0.1738588019110131,0.0
47,MLP_DNN,LIME,2,15,credit_history_A34,-0.14061193484777978,0.14061193484777978,0.0
47,MLP_DNN,LIME,3,60,foreign_worker_A202,-0.13972947239354952,0.13972947239354952,0.0
47,MLP_DNN,LIME,4,23,purpose_A46,0.13695240946105633,0.13695240946105633,0.0
47,MLP_DNN,LIME,5,10,status_checking_account_A14,-0.13392720712585562,0.13392720712585562,0.0
48,MLP_DNN,LIME,1,17,purpose_A41,-0.17395816097743588,0.17395816097743588,0.0
48,MLP_DNN,LIME,2,60,foreign_worker_A202,-0.1403096712972007,0.1403096712972007,0.0
48,MLP_DNN,LIME,3,23,purpose_A46,0.13789902446165758,0.13789902446165758,0.0
48,MLP_DNN,LIME,4,15,credit_history_A34,-0.12643516234284238,0.12643516234284238,0.0
48,MLP_DNN,LIME,5,10,status_checking_account_A14,-0.1261675522756227,0.1261675522756227,0.0
49,MLP_DNN,LIME,1,17,purpose_A41,-0.16971100229198813,0.16971100229198813,0.0
49,MLP_DNN,LIME,2,10,status_checking_account_A14,-0.1279432172373148,0.1279432172373148,0.0
49,MLP_DNN,LIME,3,15,credit_history_A34,0.1253368017157737,0.1253368017157737,1.0
49,MLP_DNN,LIME,4,23,purpose_A46,0.12497835623036309,0.12497835623036309,0.0
49,MLP_DNN,LIME,5,60,foreign_worker_A202,-0.11457580699321843,0.11457580699321843,0.0
