applicant_id,generator,is_feasible,is_verified,l0_features_changed,l1_distance,l2_distance,verification_margin,cf_prob,immutable_violation,categorical_violation,boundary_violation
8,Unconstrained_Gradient,False,False,29,3.064689922099925,0.9371160340404002,,0.5032051175981137,False,True,False
8,Constraint_Aware_VLoan,False,False,35,16.065127071526984,2.756080173923645,,0.5927969471696061,False,True,False
15,Unconstrained_Gradient,False,False,29,2.7316004125897058,0.6812769086684547,,0.49520896901229045,False,True,False
15,Constraint_Aware_VLoan,False,False,2,0.23698837522279603,0.18323234676301192,,0.4828139387014707,False,True,False
25,Unconstrained_Gradient,False,False,29,14.213116581500609,2.7074267178669302,,0.5269699499658933,False,False,True
25,Constraint_Aware_VLoan,False,False,36,16.249161324266698,2.7647462052524423,,0.5760239002694348,False,True,False
37,Unconstrained_Gradient,False,False,29,5.378327943008761,1.3908750941864458,,0.5273204188819055,False,False,True
37,Constraint_Aware_VLoan,False,False,35,15.939414921216384,2.745097632388374,,0.6087503692936517,False,True,False
39,Unconstrained_Gradient,False,False,29,14.58279646913874,2.7471136509275387,,0.5659557849557849,False,False,True
39,Constraint_Aware_VLoan,False,False,35,16.198239869995845,2.7754285137780603,,0.5831954070186353,False,True,False
47,Unconstrained_Gradient,False,False,2,0.21809471112152462,0.16449468044503124,,0.43677699167154144,False,True,False
47,Constraint_Aware_VLoan,False,False,2,0.0893072148317878,0.06533630043356381,,0.4441797066036681,False,True,False
48,Unconstrained_Gradient,False,False,29,14.281124293537564,2.7291158438445646,,0.5893348641908024,False,False,True
48,Constraint_Aware_VLoan,False,False,35,15.887338498453857,2.7420678202951327,,0.6274402383977437,False,True,False
52,Unconstrained_Gradient,False,False,1,0.1499999999999999,0.1499999999999999,,0.5015153058046684,False,True,False
52,Constraint_Aware_VLoan,False,False,1,0.04999999999999982,0.04999999999999982,,0.5005966066176766,False,True,False
53,Unconstrained_Gradient,True,True,2,0.545402166106306,0.42233332330087925,0.03242776666044345,0.5324277666604434,False,False,False
53,Constraint_Aware_VLoan,False,False,2,0.2342370327738128,0.2181001129444178,,0.4999375015374228,False,True,False
55,Unconstrained_Gradient,False,False,1,0.9,0.9,,0.4159176611781074,False,True,False
55,Constraint_Aware_VLoan,False,False,1,0.20000000000000007,0.20000000000000007,,0.38753240506577946,False,True,False
61,Unconstrained_Gradient,False,False,0,0.0,0.0,,0.45798913386777956,False,False,False
61,Constraint_Aware_VLoan,False,False,1,0.10000000000000009,0.10000000000000009,,0.4646558005344463,False,True,False
65,Unconstrained_Gradient,False,False,29,2.3710883927834328,0.4840090768472707,,0.479583096534885,False,True,False
65,Constraint_Aware_VLoan,True,False,2,0.13032784409947024,0.09229569126916022,,0.47789198573409675,False,False,False
69,Unconstrained_Gradient,False,False,1,0.6000000000000001,0.6000000000000001,,0.4912664155193106,False,True,False
69,Constraint_Aware_VLoan,False,False,36,16.293229182581378,2.7721669516096976,,0.6410930745297502,False,True,False
71,Unconstrained_Gradient,False,False,2,0.7136799910818629,0.5267311128034796,,0.3722114015011411,False,True,False
71,Constraint_Aware_VLoan,False,False,2,0.6668916906398304,0.5045784414208755,,0.3766558459455856,False,True,False
74,Unconstrained_Gradient,False,False,2,0.21213169037926882,0.15000000000000002,,0.5807624632593434,False,True,False
74,Constraint_Aware_VLoan,False,False,2,0.07071056345975635,0.05000000000000006,,0.5205719334945168,False,True,False
88,Unconstrained_Gradient,False,False,29,14.775,2.762811068459079,,0.592565182784695,False,False,True
88,Constraint_Aware_VLoan,False,False,36,16.762565555586978,2.8114856975987395,,0.628242628517281,False,True,False
108,Unconstrained_Gradient,False,False,1,0.3,0.3,,0.4821107582429631,False,True,False
108,Constraint_Aware_VLoan,False,False,0,0.0,0.0,,0.48164402758799707,False,False,False
111,Unconstrained_Gradient,False,False,0,0.0,0.0,,0.47515681206853716,False,False,False
111,Constraint_Aware_VLoan,False,False,36,2.7088348405414555,0.45157759322486724,,0.47515681206853716,False,True,False
115,Unconstrained_Gradient,False,False,29,2.325,0.4562071897723664,,0.4640759949784015,False,True,False
115,Constraint_Aware_VLoan,False,False,36,1.05,0.22912878474779205,,0.46865932831173485,False,True,False
135,Unconstrained_Gradient,False,False,29,14.675881061278222,2.744179947970985,,0.5342264092157423,False,False,True
135,Constraint_Aware_VLoan,False,False,36,16.676544074912723,2.7969063814750044,,0.6696357253284503,False,True,False
139,Unconstrained_Gradient,False,False,0,0.0,0.0,,0.48883153962973175,False,False,False
139,Constraint_Aware_VLoan,False,False,1,0.10000000000000009,0.10000000000000009,,0.49638709518528734,False,True,False
144,Unconstrained_Gradient,False,False,29,3.1697126017064634,0.8750224089767112,,0.4654289852614331,False,True,False
144,Constraint_Aware_VLoan,False,False,36,1.1051755724924375,0.24140057547909932,,0.4673809906961971,False,True,False
151,Unconstrained_Gradient,False,False,29,14.636770175764957,2.761088736969035,,0.5742113997113998,False,False,True
151,Constraint_Aware_VLoan,False,False,35,16.11217789150864,2.7558708689614484,,0.5394390164413455,False,True,False
154,Unconstrained_Gradient,False,False,2,0.09610774624117413,0.09106168726464489,,0.4287191631758154,False,True,False
154,Constraint_Aware_VLoan,False,False,2,0.17661000266729276,0.13371536396516928,,0.4289766795156846,False,True,False
155,Unconstrained_Gradient,False,False,29,14.775000000000002,2.7790510970473354,,0.5332858828204095,False,False,True
155,Constraint_Aware_VLoan,False,False,34,15.76879673118523,2.741187132361811,,0.5579872934500533,False,True,False
157,Unconstrained_Gradient,False,False,0,5.551115123125783e-17,5.551115123125783e-17,,0.439597674528909,False,False,False
157,Constraint_Aware_VLoan,False,False,1,0.10000000000000003,0.10000000000000003,,0.43984688194916904,False,True,False
167,Unconstrained_Gradient,False,False,1,0.15000000000000002,0.15000000000000002,,0.5213061035044756,False,True,False
167,Constraint_Aware_VLoan,False,False,1,0.050000000000000044,0.050000000000000044,,0.5208061035044755,False,True,False
171,Unconstrained_Gradient,True,False,2,0.6406055083225173,0.4542795872958977,,0.4345409331832544,False,False,False
171,Constraint_Aware_VLoan,False,False,2,0.2224928668765323,0.18212846820978135,,0.43006441306212634,False,True,False
182,Unconstrained_Gradient,False,False,29,14.624999999999998,2.754655150831043,,0.5057960831867601,False,False,True
182,Constraint_Aware_VLoan,False,False,35,16.12616371500871,2.758330249128208,,0.6085462888381317,False,True,False
185,Unconstrained_Gradient,True,False,1,0.3,0.3,,0.44725498006064746,False,False,False
185,Constraint_Aware_VLoan,False,False,35,16.014871348704006,2.7480139579530554,,0.5681106753412593,False,True,False
210,Unconstrained_Gradient,False,False,0,5.551115123125783e-17,5.551115123125783e-17,,0.46583133183034675,False,False,False
210,Constraint_Aware_VLoan,False,False,1,0.10000000000000003,0.10000000000000003,,0.4736767424583661,False,True,False
222,Unconstrained_Gradient,False,False,1,0.30000000000000004,0.30000000000000004,,0.4815701494732081,False,True,False
222,Constraint_Aware_VLoan,False,False,0,0.0,0.0,,0.4768131409414812,False,False,False
228,Unconstrained_Gradient,False,False,2,0.09716997502941283,0.09144367908573052,,0.3663360044986307,False,True,False
228,Constraint_Aware_VLoan,False,False,36,1.0036578041946398,0.18185575100709417,,0.3663360044986307,False,True,False
231,Unconstrained_Gradient,False,False,0,0.0,0.0,,0.38383187840687183,False,False,False
231,Constraint_Aware_VLoan,False,False,1,0.10000000000000009,0.10000000000000009,,0.397255971728411,False,True,False
235,Unconstrained_Gradient,False,False,1,0.1499999999999999,0.1499999999999999,,0.5035152545866413,False,True,False
235,Constraint_Aware_VLoan,False,False,1,0.050000000000000044,0.050000000000000044,,0.5046819212533079,False,True,False
237,Unconstrained_Gradient,False,False,2,0.3469488899015346,0.2504410520582565,,0.5227843835910895,False,True,False
237,Constraint_Aware_VLoan,False,False,2,0.2688444092139268,0.1911863625640973,,0.5227843835910895,False,True,False
